Workbook

Sheet 拾い出し
A1: 名称 （列幅17） | B1: 列 | C1: 備考 (9） | D1: 規格 （14.5） | E1: 規格 (8) | F1: 規格(入数) (6.75) | G1: 階 (2.75) | H1: 数量 (4) | I1: 在庫 (5.5) | J1: 発注 (4) | K1: 単位 (2.75) | L1: 印（日付確定したら） | M1: 納品日 (6.5) | N1: 使用建材と空白行 | O1: 納品場所 (9) | P1: 納品備考 （20） | Q1: 材料ｺｰﾄﾞ | R1: 材料仕入/外注 | S1: 発注業者 （17） | T1: 担当者 | U1: 業者コード | V1: 発注予定日 | W1: 元番号 | X1: リンク
A2: 遣り方用 貫 | D2: 杉 1ト 13’×30×05 | K2: 丁 | N2: × | Q2: 10001 | R2: 材 | S2: 渡辺製材所 | U2: WATANABE | V2: =IFERROR(IF(M2="","",M2-20),M2) | W2: =ROW() -> 2
A3: 遣り方用 杭 | D3: 4尺 | K3: 丁 | N3: × | Q3: 10002 | R3: 材 | S3: 渡辺製材所 | U3: WATANABE | V3: =IFERROR(IF(M3="","",M3-20),M3) | W3: =ROW() -> 3
Q4: 10003 | V4: =IFERROR(IF(M4="","",M4-20),M4) | W4: =ROW() -> 4
A5: スタイロフォーム | D5: t15 3’×6' | F5: 基礎立上断熱 | H5: 1+少 | J5: 1 | K5: 枚 | L5: z | M5: 46122 | N5: ○ | O5: 作業場 | Q5: 10004 | R5: 材 | S5: 岡田電気産業 | T5: 大槻 | U5: OKADA | V5: =IFERROR(IF(M5="","",M5-20),M5) -> 46102 | W5: =ROW() -> 5
A6: ミラフォーム | D6: t30 3’×6' | F6: 基礎土間断熱 | J6: 2 | K6: 枚 | L6: z | M6: 46122 | N6: ○ | O6: 作業場 | Q6: 10005 | R6: 材 | S6: 岡田電気産業 | T6: 大槻 | U6: OKADA | V6: =IFERROR(IF(M6="","",M6-20),M6) -> 46102 | W6: =ROW() -> 6
A7: ミラフォーム | D7: t30 3’×6' | F7: 床下玄関立上り | H7: 1 | J7: 3 | K7: 枚 | L7: z | M7: 46122 | N7: ○ | O7: 作業場 | Q7: 10006 | R7: 材 | S7: 岡田電気産業 | T7: 大槻 | U7: OKADA | V7: =IFERROR(IF(M7="","",M7-20),M7) -> 46102 | W7: =ROW() -> 7
A8: ミラフォーム | D8: t30 3’×6' | F8: UB土間+立上り | H8: 4 | J8: 4 | K8: 枚 | L8: z | M8: 46122 | N8: ○ | O8: 作業場 | Q8: 10007 | R8: 材 | S8: 岡田電気産業 | T8: 大槻 | U8: OKADA | V8: =IFERROR(IF(M8="","",M8-20),M8) -> 46102 | W8: =ROW() -> 8
A9: ミラフォーム | C9: UB立上り | D9: t50 3’×6' | K9: 枚 | N9: × | O9: 作業場 | Q9: 10008 | R9: 材 | S9: 岡田電気産業 | T9: 大槻 | U9: OKADA | V9: =IFERROR(IF(M9="","",M9-20),M9) | W9: =ROW() -> 9
A10: スタイロフォーム | D10: t15 3’×6’ | F10: UB窓枠 | H10: 1 | J10: 1 | K10: 枚 | L10: z | M10: 46122 | N10: ○ | O10: 作業場 | Q10: 10009 | R10: 材 | S10: 岡田電気産業 | T10: 大槻 | U10: OKADA | V10: =IFERROR(IF(M10="","",M10-20),M10) -> 46102 | W10: =ROW() -> 10
N11: ○ | Q11: 10010 | V11: =IFERROR(IF(M11="","",M11-20),M11) | W11: =ROW() -> 11
A12: プレカット材 | D12: 基礎ﾊﾟｯｷﾝ・床束 | E12: ・金物 | J12: 1 | K12: 式 | L12: z | M12: 46167 | N12: ○ | O12: 現場 | P12: 1便目：床組材・金物他 | Q12: 10011 | R12: 材 | S12: ﾀｶｶﾂ建材 ﾌﾟﾚｶｯﾄ | T12: 鈴木 | U12: TAKAKATSUP | V12: =IFERROR(IF(M12="","",M12-20),M12) -> 46147 | W12: =ROW() -> 12
A13: プレカット材 | K13: 式 | N13: × | O13: 現場 | Q13: 10012 | R13: 材 | S13: ﾀｶｶﾂ建材 ﾌﾟﾚｶｯﾄ | T13: 鈴木 | U13: TAKAKATSUP | V13: =IFERROR(IF(M13="","",M13-20),M13) | W13: =ROW() -> 13
A14: 基礎ﾊﾟｯｷﾝロング | D14: KP-L102 | K14: 本 | N14: × | O14: 現場 | Q14: 10013 | R14: 材 | S14: ﾀｶｶﾂ建材 ﾌﾟﾚｶｯﾄ | T14: 鈴木 | U14: TAKAKATSUP | V14: =IFERROR(IF(M14="","",M14-20),M14) | W14: =ROW() -> 14
A15: 気密ﾊﾟｯｷﾝロング | D15: KPK-N105 | K15: 本 | N15: × | O15: 現場 | Q15: 10014 | R15: 材 | S15: ﾀｶｶﾂ建材 ﾌﾟﾚｶｯﾄ | T15: 鈴木 | U15: TAKAKATSUP | V15: =IFERROR(IF(M15="","",M15-20),M15) | W15: =ROW() -> 15
A16: 針葉樹 構造用合板 | C16: 屋根 | D16: t12 3’×6' | F16: 屋根 | G16: 2F | K16: 枚 | N16: × | O16: 現場 | Q16: 10015 | R16: 材 | S16: ﾀｶｶﾂ建材 ﾌﾟﾚｶｯﾄ | T16: 鈴木 | U16: TAKAKATSUP | V16: =IFERROR(IF(M16="","",M16-20),M16) | W16: =ROW() -> 16
A17: 針葉樹 構造用合板 | C17: 屋根 | D17: t12 3’×6' | F17: 屋根 | G17: 1F | K17: 枚 | N17: × | O17: 現場 | Q17: 10016 | R17: 材 | S17: ﾀｶｶﾂ建材 ﾌﾟﾚｶｯﾄ | T17: 鈴木 | U17: TAKAKATSUP | V17: =IFERROR(IF(M17="","",M17-20),M17) | W17: =ROW() -> 17
A18: ネダレス 実なし | D18: t24 3’×6’ | G18: 2F | K18: 枚 | N18: × | O18: 現場 | Q18: 10017 | R18: 材 | S18: ﾀｶｶﾂ建材 ﾌﾟﾚｶｯﾄ | T18: 鈴木 | U18: TAKAKATSUP | V18: =IFERROR(IF(M18="","",M18-20),M18) | W18: =ROW() -> 18
A19: ネダレス 実なし | D19: t24 3’×6’ | G19: 1F | K19: 枚 | N19: × | O19: 現場 | Q19: 10018 | R19: 材 | S19: ﾀｶｶﾂ建材 ﾌﾟﾚｶｯﾄ | T19: 鈴木 | U19: TAKAKATSUP | V19: =IFERROR(IF(M19="","",M19-20),M19) | W19: =ROW() -> 19
A20: ネダレス ｽﾍﾟｰｻｰ | D20: t24 3’×6’ | K20: 枚 | N20: × | O20: 現場 | Q20: 10019 | R20: 材 | S20: ﾀｶｶﾂ建材 ﾌﾟﾚｶｯﾄ | T20: 鈴木 | U20: TAKAKATSUP | V20: =IFERROR(IF(M20="","",M20-20),M20) | W20: =ROW() -> 20
A21: ミラフォーム | C21: 2重貼り・2階床 | D21: t50 3’×6’ | G21: 2F | H21: 5 | I21: 2 | J21: 5 | K21: 枚 | L21: z | M21: 46167 | N21: ○ | O21: 現場 | Q21: 10020 | R21: 材 | S21: ﾀｶｶﾂ建材 ﾌﾟﾚｶｯﾄ | T21: 鈴木 | U21: TAKAKATSUP | V21: =IFERROR(IF(M21="","",M21-20),M21) -> 46147 | W21: =ROW() -> 21
A22: ミラフォーム | C22: 1階床 | D22: t65 3’×6’ | G22: 1F | K22: 枚 | L22: z | M22: 46167 | N22: ○ | O22: 現場 | Q22: 10021 | R22: 材 | S22: ﾀｶｶﾂ建材 ﾌﾟﾚｶｯﾄ | T22: 鈴木 | U22: TAKAKATSUP | V22: =IFERROR(IF(M22="","",M22-20),M22) -> 46147 | W22: =ROW() -> 22
A23: 断熱材受金具 | D23: t65用 | K23: 箱 | N23: × | O23: 現場 | Q23: 10022 | R23: 材 | S23: ﾀｶｶﾂ建材 ﾌﾟﾚｶｯﾄ | T23: 鈴木 | U23: TAKAKATSUP | V23: =IFERROR(IF(M23="","",M23-20),M23) | W23: =ROW() -> 23
Q24: 10023 | V24: =IFERROR(IF(M24="","",M24-20),M24) | W24: =ROW() -> 24
A25: 小屋筋かい | D25: 13’×30×05 | E25: 杉 1ト | K25: 丁 | N25: × | O25: 現場 | Q25: 10024 | R25: 材 | S25: ﾀｶｶﾂ建材 ﾌﾟﾚｶｯﾄ | T25: 鈴木 | U25: TAKAKATSUP | V25: =IFERROR(IF(M25="","",M25-20),M25) | W25: =ROW() -> 25
A26: 外部下地 | C26: 外部の壁下地・入隅用 | D26: 13’×10×15 | E26: 杉 1ト | G26: 2F | H26: 42 | J26: 45 | K26: 丁 | L26: z | M26: 46167 | N26: ○ | O26: 現場 | Q26: 10025 | R26: 材 | S26: ﾀｶｶﾂ建材 ﾌﾟﾚｶｯﾄ | T26: 鈴木 | U26: TAKAKATSUP | V26: =IFERROR(IF(M26="","",M26-20),M26) -> 46147 | W26: =ROW() -> 26
A27: 外部下地 | C27: 外部の壁下地・入隅用 | D27: 13’×10×15 | E27: 杉 1ト | G27: 1F | H27: 43 | J27: 40 | K27: 丁 | L27: z | M27: 46167 | N27: ○ | O27: 現場 | Q27: 10026 | R27: 材 | S27: ﾀｶｶﾂ建材 ﾌﾟﾚｶｯﾄ | T27: 鈴木 | U27: TAKAKATSUP | V27: =IFERROR(IF(M27="","",M27-20),M27) -> 46147 | W27: =ROW() -> 27
Q28: 10027 | V28: =IFERROR(IF(M28="","",M28-20),M28) | W28: =ROW() -> 28
A29: ビルボード | C29: ﾔﾈｼﾀﾎﾞｰﾄﾞ | D29: t9 3’×6’ | K29: 枚 | N29: × | O29: 現場 | Q29: 10028 | R29: 外 | S29: O.S.S工業 | T29: 大槻 | U29: OSS | V29: =IFERROR(IF(M29="","",M29-20),M29) | W29: =ROW() -> 29
N30: ○ | Q30: 10029 | V30: =IFERROR(IF(M30="","",M30-20),M30) | W30: =ROW() -> 30
A31: リモコンコード | D31: UC-25-50A | E31: 2芯 50M | I31: 90m | J31: － | K31: 箱 | N31: ○ | O31: 事務所 | Q31: 10030 | R31: 材 | S31: 金辰商事 | T31: 内海 | U31: KANETATSU | V31: =IFERROR(IF(M31="","",M31-20),M31) | W31: =ROW() -> 31
A32: レベルプレート | D32: 1mm | H32: 1 | I32: 1 | J32: 1 | K32: 箱 | L32: z | M32: 46150 | N32: ○ | O32: 作業場 | Q32: 10031 | R32: 材 | S32: 三浦金物商会 | U32: MIURA | V32: =IFERROR(IF(M32="","",M32-20),M32) -> 46130 | W32: =ROW() -> 32
A33: レベルプレート | D33: 3mm | H33: 1 | I33: 1 | J33: － | K33: 箱 | N33: ○ | O33: 作業場 | Q33: 10032 | R33: 材 | S33: 三浦金物商会 | U33: MIURA | V33: =IFERROR(IF(M33="","",M33-20),M33) | W33: =ROW() -> 33
A34: ｽﾃﾝﾚｽ装飾柱受 | D34: SH-90角 | K34: 個 | N34: × | O34: 作業場 | Q34: 10033 | R34: 材 | S34: 三浦金物商会 | U34: MIURA | V34: =IFERROR(IF(M34="","",M34-20),M34) | W34: =ROW() -> 34
A35: オールアンカー | D35: M12 L90mm | E35: ｽﾃﾝﾚｽ | K35: 本 | N35: × | O35: 作業場 | Q35: 10034 | R35: 材 | S35: 三浦金物商会 | U35: MIURA | V35: =IFERROR(IF(M35="","",M35-20),M35) | W35: =ROW() -> 35
A36: オメガ丸座金70Ⅱ | H36: 5 | J36: 5 | K36: 個 | L36: z | M36: 46150 | N36: ○ | O36: 作業場 | Q36: 10035 | R36: 材 | S36: 三浦金物商会 | U36: MIURA | V36: =IFERROR(IF(M36="","",M36-20),M36) -> 46130 | W36: =ROW() -> 36
Q37: 10036 | V37: =IFERROR(IF(M37="","",M37-20),M37) | W37: =ROW() -> 37
A38: （鋼板屋根） | Q38: 10037 | V38: =IFERROR(IF(M38="","",M38-20),M38) | W38: =ROW() -> 38
A39: 破風・鼻隠し | D39: 13.2’×70×08 | E39: 杉 1ト | H39: 9 | J39: 9 | K39: 丁 | L39: z | M39: 46155 | N39: ○ | O39: 作業場 | Q39: 10038 | R39: 材 | S39: 渡辺製材所 | U39: WATANABE | V39: =IFERROR(IF(M39="","",M39-20),M39) -> 46135 | W39: =ROW() -> 39
A40: 破風・鼻隠し | C40: ポーチ屋根 | D40: 10’×60×08 | E40: 杉 1ト | K40: 丁 | N40: × | O40: 作業場 | Q40: 10039 | R40: 材 | S40: 渡辺製材所 | U40: WATANABE | V40: =IFERROR(IF(M40="","",M40-20),M40) | W40: =ROW() -> 40
A41: 鼻隠し（水上側） | C41: 片屋根 2寸 | D41: 13.2’×73×08 | E41: 杉 1ト | K41: 丁 | N41: × | O41: 作業場 | Q41: 10040 | R41: 材 | S41: 渡辺製材所 | U41: WATANABE | V41: =IFERROR(IF(M41="","",M41-20),M41) | W41: =ROW() -> 41
A42: 鼻隠し（水上側） | C42: 片屋根 1.5寸 | D42: 13.2’×72×08 | E42: 杉 1ト | H42: 3 | J42: 3 | K42: 丁 | L42: z | M42: 46155 | N42: ○ | O42: 作業場 | Q42: 10041 | R42: 材 | S42: 渡辺製材所 | U42: WATANABE | V42: =IFERROR(IF(M42="","",M42-20),M42) -> 46135 | W42: =ROW() -> 42
A43: 広小舞・登淀 | C43: ﾋﾞﾙﾎﾞｰﾄﾞ有り | D43: 13.2’×30×08 | E43: 杉 1ト | K43: 丁 | N43: × | O43: 作業場 | Q43: 10042 | R43: 材 | S43: 渡辺製材所 | U43: WATANABE | V43: =IFERROR(IF(M43="","",M43-20),M43) | W43: =ROW() -> 43
A44: 広小舞・登淀 | C44: ﾋﾞﾙﾎﾞｰﾄﾞ無し | D44: 13.2’×30×05 | E44: 杉 1ト | H44: 12 | J44: 12 | K44: 丁 | L44: z | M44: 46155 | N44: ○ | O44: 作業場 | Q44: 10043 | R44: 材 | S44: 渡辺製材所 | U44: WATANABE | V44: =IFERROR(IF(M44="","",M44-20),M44) -> 46135 | W44: =ROW() -> 44
A45: （瓦屋根） | Q45: 10044 | V45: =IFERROR(IF(M45="","",M45-20),M45) | W45: =ROW() -> 45
A46: 破風・鼻隠し | D46: 13’×70×08 | E46: 杉 1ト | K46: 丁 | N46: × | O46: 作業場 | Q46: 10045 | R46: 材 | S46: 渡辺製材所 | U46: WATANABE | V46: =IFERROR(IF(M46="","",M46-20),M46) | W46: =ROW() -> 46
A47: 片うす | D47: 13’×35×15～05 | E47: 杉 1ト | K47: 丁 | N47: × | O47: 作業場 | Q47: 10046 | R47: 材 | S47: 渡辺製材所 | U47: WATANABE | V47: =IFERROR(IF(M47="","",M47-20),M47) | W47: =ROW() -> 47
A48: 登り淀 | D48: 13’×08×25 | E48: 杉 1ト | K48: 丁 | N48: × | O48: 作業場 | Q48: 10047 | R48: 材 | S48: 渡辺製材所 | U48: WATANABE | V48: =IFERROR(IF(M48="","",M48-20),M48) | W48: =ROW() -> 48
A49: 袖瓦下地 | D49: 13’×12×15 | E49: 杉 1ト | K49: 丁 | N49: × | O49: 作業場 | Q49: 10048 | R49: 材 | S49: 渡辺製材所 | U49: WATANABE | V49: =IFERROR(IF(M49="","",M49-20),M49) | W49: =ROW() -> 49
N50: ○ | Q50: 10049 | V50: =IFERROR(IF(M50="","",M50-20),M50) | W50: =ROW() -> 50
A51: サッシ LIXIL | H51: 1 | J51: 1 | K51: 式 | L51: z | M51: 46177 | N51: ○ | O51: 現場 | P51: 午前中（庇も） | Q51: 10050 | R51: 材 | S51: 岡田電気産業 | T51: 大槻 | U51: OKADA | V51: =IFERROR(IF(M51="","",M51-20),M51) -> 46157 | W51: =ROW() -> 51 | X51: 発注書
A52: 窓枠 LIXIL | G52: 2F | H52: 1 | J52: 1 | K52: 式 | L52: x | M52: 6月中旬 | N52: ○ | O52: 現場 | Q52: 10051 | R52: 材 | S52: 岡田電気産業 | T52: 大槻 | U52: OKADA | V52: =IFERROR(IF(M52="","",M52-20),M52) -> 6月中旬 | W52: =ROW() -> 52
A53: 窓枠 LIXIL | G53: 1F | H53: 1 | J53: 1 | K53: 式 | L53: x | M53: 6月中旬 | N53: ○ | O53: 現場 | Q53: 10052 | R53: 材 | S53: 岡田電気産業 | T53: 大槻 | U53: OKADA | V53: =IFERROR(IF(M53="","",M53-20),M53) -> 6月中旬 | W53: =ROW() -> 53
A54: 網戸 | C54: ﾙｰﾊﾞｰ取付 | H54: 1 | J54: 1 | K54: 式 | L54: x | M54: 9月ごろ | N54: ○ | O54: 現場 | Q54: 10053 | R54: 材 | S54: 岡田電気産業 | T54: 大槻 | U54: OKADA | V54: =IFERROR(IF(M54="","",M54-20),M54) -> 9月ごろ | W54: =ROW() -> 54
Q55: 10054 | V55: =IFERROR(IF(M55="","",M55-20),M55) | W55: =ROW() -> 55
A56: フェイスガード(逆巻) | C56: 粘着養生ｼｰﾄ(ｴﾑｴﾌ) | D56: 1000mm×30M | E56: 4本/ｹｰｽ | F56: G02-001 | H56: 2 | I56: 2 | J56: 2 | K56: ｹｰｽ | L56: z | M56: 46142 | N56: ○ | O56: 事務所 | Q56: 10055 | R56: 材 | S56: 杉田エース | U56: SUGITA | V56: =IFERROR(IF(M56="","",M56-20),M56) -> 46122 | W56: =ROW() -> 56
Q57: 10056 | V57: =IFERROR(IF(M57="","",M57-20),M57) | W57: =ROW() -> 57
A58: 根太掛け | C58: バルコニー | D58: 12×35×12 | E58: 米松 1ト | F58: ﾊﾞﾙｺﾆｰ | K58: 丁 | N58: × | O58: 現場 | Q58: 10057 | R58: 材 | S58: 渡辺製材所 | U58: WATANABE | V58: =IFERROR(IF(M58="","",M58-20),M58) | W58: =ROW() -> 58
A59: 根太 | C59: バルコニー | D59: 10×30×15 | E59: 米松 1ト | F59: ﾊﾞﾙｺﾆｰ | K59: 丁 | N59: × | O59: 現場 | Q59: 10058 | R59: 材 | S59: 渡辺製材所 | U59: WATANABE | V59: =IFERROR(IF(M59="","",M59-20),M59) | W59: =ROW() -> 59
A60: 外部胴縁 | C60: 外壁金具止め | D60: 10’×15×05 | E60: 米松 1ト | H60: 156 | J60: 156 | K60: 丁 | L60: z | M60: 46172 | N60: ○ | O60: 現場 | P60: 午前中 | Q60: 10059 | R60: 材 | S60: 渡辺製材所 | U60: WATANABE | V60: =IFERROR(IF(M60="","",M60-20),M60) -> 46152 | W60: =ROW() -> 60
A61: 外部胴縁 | C61: 外壁金具止め | D61: 10’×35×05 | E61: 米松 1ト | H61: 49 | J61: 50 | K61: 丁 | L61: z | M61: 46172 | N61: ○ | O61: 現場 | P61: 午前中 | Q61: 10060 | R61: 材 | S61: 渡辺製材所 | U61: WATANABE | V61: =IFERROR(IF(M61="","",M61-20),M61) -> 46152 | W61: =ROW() -> 61
A62: ｼﾞｮｲﾝﾄ軒天下地 | D62: 12’×12×15 | E62: 杉 1ト | H62: 9 | I62: 16 | J62: － | K62: 丁 | N62: ○ | O62: 現場 | P62: 午前中 | Q62: 10061 | R62: 材 | S62: 渡辺製材所 | U62: WATANABE | V62: =IFERROR(IF(M62="","",M62-20),M62) | W62: =ROW() -> 62
A63: 野縁 軒天下地 | D63: 13’×12×13 | E63: 杉 1ト | F63: 9入/束 | H63: 31本 | J63: 4 | K63: 束 | L63: z | M63: 46172 | N63: ○ | O63: 現場 | P63: 午前中 | Q63: 10062 | R63: 材 | S63: 渡辺製材所 | U63: WATANABE | V63: =IFERROR(IF(M63="","",M63-20),M63) -> 46152 | W63: =ROW() -> 63
Q64: 10063 | V64: =IFERROR(IF(M64="","",M64-20),M64) | W64: =ROW() -> 64
A65: 胴縁 | C65: 壁下地・入隅用・天井吊木 | D65: 13’×12×08 | E65: 杉 1ト | F65: 12入/束 | G65: 2F | H65: 167本 | J65: 14 | K65: 束 | L65: z | M65: 46170 | N65: ○ | O65: 現場 | P65: 10：00までに(ｸﾚｰﾝ吊上) | Q65: 10064 | R65: 材 | S65: 渡辺製材所 | U65: WATANABE | V65: =IFERROR(IF(M65="","",M65-20),M65) -> 46150 | W65: =ROW() -> 65
A66: 胴縁 | C66: 壁下地・入隅用・天井吊木 | D66: 13’×12×08 | E66: 杉 1ト | F66: 12入/束 | G66: 1F | H66: 162本 | J66: 13 | K66: 束 | N66: ○ | O66: 現場 | Q66: 10065 | R66: 材 | S66: 渡辺製材所 | U66: WATANABE | V66: =IFERROR(IF(M66="","",M66-20),M66) | W66: =ROW() -> 66
A67: 胴縁（追加） | C67: 壁下地・入隅用・天井吊木 | D67: 13’×12×08 | E67: 杉 1ト | F67: 12入/束 | G67: 1F | K67: 束 | N67: ○ | O67: 現場 | Q67: 10066 | R67: 材 | S67: 渡辺製材所 | U67: WATANABE | V67: =IFERROR(IF(M67="","",M67-20),M67) | W67: =ROW() -> 67
A68: 野縁 | C68: 天井下地 | D68: 13’×12×13 | E68: 杉 1ト | F68: 9入/束 | G68: 2F | H68: 133本 | J68: 14 | K68: 束 | L68: z | M68: 46170 | N68: ○ | O68: 現場 | Q68: 10067 | R68: 材 | S68: 渡辺製材所 | U68: WATANABE | V68: =IFERROR(IF(M68="","",M68-20),M68) -> 46150 | W68: =ROW() -> 68
A69: 野縁 | C69: 天井下地 | D69: 13’×12×13 | E69: 杉 1ト | F69: 9入/束 | G69: 1F | H69: 101本 | J69: 11 | K69: 束 | N69: ○ | O69: 現場 | Q69: 10068 | R69: 材 | S69: 渡辺製材所 | U69: WATANABE | V69: =IFERROR(IF(M69="","",M69-20),M69) | W69: =ROW() -> 69
A70: 野縁（追加） | C70: 天井下地 | D70: 13’×12×13 | E70: 杉 1ト | F70: 9入/束 | G70: 1F | K70: 束 | N70: ○ | O70: 現場 | Q70: 10069 | R70: 材 | S70: 渡辺製材所 | U70: WATANABE | V70: =IFERROR(IF(M70="","",M70-20),M70) | W70: =ROW() -> 70
Q71: 10070 | V71: =IFERROR(IF(M71="","",M71-20),M71) | W71: =ROW() -> 71
A72: 針葉樹 構造用合板 | C72: バルコニー | D72: t12 3’×6' | F72: ﾊﾞﾙｺﾆｰ | K72: 枚 | N72: × | O72: 現場 | Q72: 10071 | R72: 材 | S72: 岡田電気産業 | T72: 大槻 | U72: OKADA | V72: =IFERROR(IF(M72="","",M72-20),M72) | W72: =ROW() -> 72
A73: ラワン 構造用合板 | C73: バルコニー | D73: t12 3’×6' | F73: ﾊﾞﾙｺﾆｰ | K73: 枚 | N73: × | O73: 現場 | Q73: 10072 | R73: 材 | S73: 岡田電気産業 | T73: 大槻 | U73: OKADA | V73: =IFERROR(IF(M73="","",M73-20),M73) | W73: =ROW() -> 73
Q74: 10073 | V74: =IFERROR(IF(M74="","",M74-20),M74) | W74: =ROW() -> 74
A75: 防虫網 | C75: Joto | D75: BSF-1518 | E75: 20本/ｹｰｽ | H75: 21本 | I75: 8本 | J75: 2 | K75: ｹｰｽ | L75: z | M75: 46132 | N75: ○ | O75: 5/11～15 | P75: までに作業場 | Q75: 10074 | R75: 材 | S75: タカカツ建材 | T75: 鈴木 | U75: TAKAKATSUK | V75: =IFERROR(IF(M75="","",M75-20),M75) -> 46112 | W75: =ROW() -> 75
A76: 高気密型天井点検口 | C76: Joto | D76: SPC-4545B(1) | E76: Joto | H76: 1 | J76: 1 | K76: 台 | L76: z | M76: 46132 | N76: ○ | O76: 5/11～15 | P76: までに作業場 | Q76: 10075 | R76: 材 | S76: タカカツ建材 | T76: 鈴木 | U76: TAKAKATSUK | V76: =IFERROR(IF(M76="","",M76-20),M76) -> 46112 | W76: =ROW() -> 76
A77: 防振吊木 MAX399㎜ | C77: Joto | D77: TH-10(在来) | E77: (20本×2) | F77: 40本/ｹｰｽ | H77: 1 | I77: 1 | J77: 1 | K77: ｹｰｽ | L77: z | M77: 46132 | N77: ○ | O77: 5/11～15 | P77: までに作業場 | Q77: 10076 | R77: 材 | S77: タカカツ建材 | T77: 鈴木 | U77: TAKAKATSUK | V77: =IFERROR(IF(M77="","",M77-20),M77) -> 46112 | W77: =ROW() -> 77
A78: 防振吊木 MAX217㎜ | C78: Joto | D78: TH-30(枠組) | E78: (20本×2) | F78: 40本/ｹｰｽ | H78: 1 | I78: 1 | J78: 1 | K78: ｹｰｽ | L78: z | M78: 46132 | N78: ○ | O78: 5/11～15 | P78: までに作業場 | Q78: 10077 | R78: 材 | S78: タカカツ建材 | T78: 鈴木 | U78: TAKAKATSUK | V78: =IFERROR(IF(M78="","",M78-20),M78) -> 46112 | W78: =ROW() -> 78
A79: 床下点検口450×600 | C79: Joto ﾌﾛｱｰ12mm | D79: SPF-R45F12-BC2 | E79: MBﾐﾃﾞｨｱﾑﾌﾞﾗｳﾝ | F79: 高断熱 | H79: 2 | J79: 2 | K79: 台 | L79: z | M79: 46132 | N79: ○ | O79: 5/11～15 | P79: までに作業場 | Q79: 10078 | R79: 材 | S79: タカカツ建材 | T79: 鈴木 | U79: TAKAKATSUK | V79: =IFERROR(IF(M79="","",M79-20),M79) -> 46112 | W79: =ROW() -> 79
A80: 床下点検口600×600 | C80: Joto ﾌﾛｱｰ12mm | D80: SPF-R60F12-BC2 | E80: MBﾐﾃﾞｨｱﾑﾌﾞﾗｳﾝ | F80: 高断熱 | K80: 台 | N80: × | Q80: 10079 | R80: 材 | S80: タカカツ建材 | T80: 鈴木 | U80: TAKAKATSUK | V80: =IFERROR(IF(M80="","",M80-20),M80) | W80: =ROW() -> 80
A81: 床下点検口450×600 | C81: Joto CF用 | D81: SPF-R45C-BC2 | E81: ｱｲﾎﾞﾘｰ | F81: 高断熱 | K81: 台 | N81: × | Q81: 10080 | R81: 材 | S81: タカカツ建材 | T81: 鈴木 | U81: TAKAKATSUK | V81: =IFERROR(IF(M81="","",M81-20),M81) | W81: =ROW() -> 81
Q82: 10081 | V82: =IFERROR(IF(M82="","",M82-20),M82) | W82: =ROW() -> 82
A83: 透湿防水シート | C83: バラOK | D83: 1M×50M | E83: 2本/ｹｰｽ | H83: 5 | I83: 1 | J83: 6 | K83: 本 | L83: z | M83: 46150 | N83: ○ | O83: までに | P83: 作業場 | Q83: 10082 | R83: 材 | S83: 岡田電気産業 | T83: 大槻 | U83: OKADA | V83: =IFERROR(IF(M83="","",M83-20),M83) -> 46130 | W83: =ROW() -> 83
Q84: 10083 | V84: =IFERROR(IF(M84="","",M84-20),M84) | W84: =ROW() -> 84
A85: ﾀﾞｲﾗｲﾄMS（外部） | D85: t9 3’×10’ | G85: 2F | H85: 37 | J85: 37 | K85: 枚 | L85: z | M85: 46170 | N85: ○ | O85: 現場 | P85: 11：00頃 ｸﾚｰﾝ吊上 | Q85: 10084 | R85: 材 | S85: 岡田電気産業 | T85: 大槻 | U85: OKADA | V85: =IFERROR(IF(M85="","",M85-20),M85) -> 46150 | W85: =ROW() -> 85
A86: ﾀﾞｲﾗｲﾄMS（外部） | D86: t9 3’×10’ | G86: 1F | H86: 36 | J86: 37 | K86: 枚 | L86: z | M86: 46174 | N86: ○ | O86: 現場 | P86: 午前中（早め） | Q86: 10085 | R86: 材 | S86: 岡田電気産業 | T86: 大槻 | U86: OKADA | V86: =IFERROR(IF(M86="","",M86-20),M86) -> 46154 | W86: =ROW() -> 86
A87: ﾀﾞｲﾗｲﾄMU（内部） | D87: t12.5 3’×10’ | G87: 2F | H87: 24 | J87: 24 | K87: 枚 | L87: z | M87: 46170 | N87: ○ | O87: 現場 | P87: 11：00頃 ｸﾚｰﾝ吊上 | Q87: 10086 | R87: 材 | S87: 岡田電気産業 | T87: 大槻 | U87: OKADA | V87: =IFERROR(IF(M87="","",M87-20),M87) -> 46150 | W87: =ROW() -> 87
A88: ﾀﾞｲﾗｲﾄMU（内部） | D88: t12.5 3’×10’ | G88: 1F | H88: 19 | J88: 19 | K88: 枚 | N88: ○ | O88: 現場 | Q88: 10087 | R88: 材 | S88: 岡田電気産業 | T88: 大槻 | U88: OKADA | V88: =IFERROR(IF(M88="","",M88-20),M88) | W88: =ROW() -> 88
Q89: 10088 | V89: =IFERROR(IF(M89="","",M89-20),M89) | W89: =ROW() -> 89
A90: 壁 石膏ﾎﾞｰﾄﾞ | C90: 窓上・窓下・内部 | D90: t12.5 3’×8’ | G90: 2F | H90: 88 | J90: 88 | K90: 枚 | L90: z | M90: 46170 | N90: ○ | O90: 現場 | P90: 11：00頃 ｸﾚｰﾝ吊上 | Q90: 10089 | R90: 材 | S90: 岡田電気産業 | T90: 大槻 | U90: OKADA | V90: =IFERROR(IF(M90="","",M90-20),M90) -> 46150 | W90: =ROW() -> 90
A91: 壁 石膏ﾎﾞｰﾄﾞ | C91: 窓上・窓下 | D91: t12.5 3’×8’ | G91: 1F | H91: 22 | K91: 枚 | N91: ○ | O91: 現場 | Q91: 10090 | R91: 材 | S91: 岡田電気産業 | T91: 大槻 | U91: OKADA | V91: =IFERROR(IF(M91="","",M91-20),M91) | W91: =ROW() -> 91
A92: 壁 石膏ﾎﾞｰﾄﾞ | C92: 内部 | D92: t12.5 3’×8’ | G92: 1F | H92: 62 | K92: 枚 | N92: ○ | O92: 現場 | Q92: 10091 | R92: 材 | S92: 岡田電気産業 | T92: 大槻 | U92: OKADA | V92: =IFERROR(IF(M92="","",M92-20),M92) | W92: =ROW() -> 92
A93: 壁 石膏ﾎﾞｰﾄﾞ（追加） | C93: 内部 | D93: t12.5 3’×8’ | G93: 1F | K93: 枚 | N93: ○ | O93: 現場 | Q93: 10092 | R93: 材 | S93: 岡田電気産業 | T93: 大槻 | U93: OKADA | V93: =IFERROR(IF(M93="","",M93-20),M93) | W93: =ROW() -> 93
A94: 界壁 石膏ﾎﾞｰﾄﾞ | D94: t9.5 3’×6’ | G94: 2F | H94: 100 | J94: 100 | K94: 枚 | L94: z | M94: 46170 | N94: ○ | O94: 現場 | P94: 11：00頃 ｸﾚｰﾝ吊上 | Q94: 10093 | R94: 材 | S94: 岡田電気産業 | T94: 大槻 | U94: OKADA | V94: =IFERROR(IF(M94="","",M94-20),M94) -> 46150 | W94: =ROW() -> 94
Q95: 10094 | V95: =IFERROR(IF(M95="","",M95-20),M95) | W95: =ROW() -> 95
A96: ケイカル板 無孔 | D96: t6 3’×6’ | G96: 2F | H96: 6 | K96: 枚 | N96: ○ | O96: 現場 | Q96: 10095 | R96: 材 | S96: 岡田電気産業 | T96: 大槻 | U96: OKADA | V96: =IFERROR(IF(M96="","",M96-20),M96) | W96: =ROW() -> 96
A97: ケイカル板 有孔 | D97: t6 3’×6’ | G97: 2F | H97: 6.1 | K97: 枚 | N97: ○ | O97: 現場 | Q97: 10096 | R97: 材 | S97: 岡田電気産業 | T97: 大槻 | U97: OKADA | V97: =IFERROR(IF(M97="","",M97-20),M97) | W97: =ROW() -> 97
A98: ケイカル板 無孔 | D98: t6 3’×6’ | G98: 1F | H98: 1.5 | K98: 枚 | N98: ○ | O98: 現場 | Q98: 10097 | R98: 材 | S98: 岡田電気産業 | T98: 大槻 | U98: OKADA | V98: =IFERROR(IF(M98="","",M98-20),M98) | W98: =ROW() -> 98
A99: ケイカル板 有孔 | D99: t6 3’×6’ | G99: 1F | H99: 1.5 | K99: 枚 | N99: ○ | O99: 現場 | Q99: 10098 | R99: 材 | S99: 岡田電気産業 | T99: 大槻 | U99: OKADA | V99: =IFERROR(IF(M99="","",M99-20),M99) | W99: =ROW() -> 99
Q100: 10099 | V100: =IFERROR(IF(M100="","",M100-20),M100) | W100: =ROW() -> 100
...

Sheet 並べ替えビュー（納品内容）
A1: 名称 | B1: 規格 | C1: 規格 | D1: 規格 | E1: 階 | F1: 数量 | G1: 在庫 | H1: 発注 | I1: 単位 | J1: 納品日 | K1: 納品場所 | L1: 納品備考 | M1: 発注先 | N1: 元ｼｰﾄ行番号
A2: {=_xlfn.LET( _xlpm.元, _xlfn._xlws.FILTER( _xlfn.CHOOSECOLS(拾い出し!A2:X400, 1,4,5,6,7,8,9,10,11,13,15,16,19,23), 拾い出し!N2:N400="○" ), _xlpm.A列, IF(INDEX(_xlpm.元,,1)="","",INDEX(_xlpm.元,,1)), _xlpm.H列, IF(INDEX(_xlpm.元,,6)="","",INDEX(_xlpm.元,,6)), _xlpm.I列, IF(INDEX(_xlpm.元,,7)="","",INDEX(_xlpm.元,,7)), _xlpm.K列, IF(INDEX(_xlpm.元,,9)="","",INDEX(_xlpm.元,,9)), _xlpm.M列, IF(INDEX(_xlpm.元,,10)="","",INDEX(_xlpm.元,,10)), _xlfn.HSTACK( _xlpm.A列, INDEX(_xlpm.元,,2), INDEX(_xlpm.元,,3), INDEX(_xlpm.元,,4), INDEX(_xlpm.元,,5), _xlpm.H列, _xlpm.I列, INDEX(_xlpm.元,,8), _xlpm.K列, _xlpm.M列, INDEX(_xlpm.元,,11), INDEX(_xlpm.元,,12), INDEX(_xlpm.元,,13), INDEX(_xlpm.元,,14) ) )} -> スタイロフォーム | B2: t15 3’×6' | C2: 0 | D2: 基礎立上断熱 | E2: 0 | F2: 1+少 | H2: 1 | I2: 枚 | J2: 46122 | K2: 作業場 | L2: 0 | M2: 岡田電気産業 | N2: 5
A3: ミラフォーム | B3: t30 3’×6' | C3: 0 | D3: 基礎土間断熱 | E3: 0 | H3: 2 | I3: 枚 | J3: 46122 | K3: 作業場 | L3: 0 | M3: 岡田電気産業 | N3: 6
A4: ミラフォーム | B4: t30 3’×6' | C4: 0 | D4: 床下玄関立上り | E4: 0 | F4: 1 | H4: 3 | I4: 枚 | J4: 46122 | K4: 作業場 | L4: 0 | M4: 岡田電気産業 | N4: 7
A5: ミラフォーム | B5: t30 3’×6' | C5: 0 | D5: UB土間+立上り | E5: 0 | F5: 4 | H5: 4 | I5: 枚 | J5: 46122 | K5: 作業場 | L5: 0 | M5: 岡田電気産業 | N5: 8
A6: スタイロフォーム | B6: t15 3’×6’ | C6: 0 | D6: UB窓枠 | E6: 0 | F6: 1 | H6: 1 | I6: 枚 | J6: 46122 | K6: 作業場 | L6: 0 | M6: 岡田電気産業 | N6: 10
B7: 0 | C7: 0 | D7: 0 | E7: 0 | H7: 0 | K7: 0 | L7: 0 | M7: 0 | N7: 11
A8: プレカット材 | B8: 基礎ﾊﾟｯｷﾝ・床束 | C8: ・金物 | D8: 0 | E8: 0 | H8: 1 | I8: 式 | J8: 46167 | K8: 現場 | L8: 1便目：床組材・金物他 | M8: ﾀｶｶﾂ建材 ﾌﾟﾚｶｯﾄ | N8: 12
A9: ミラフォーム | B9: t50 3’×6’ | C9: 0 | D9: 0 | E9: 2F | F9: 5 | G9: 2 | H9: 5 | I9: 枚 | J9: 46167 | K9: 現場 | L9: 0 | M9: ﾀｶｶﾂ建材 ﾌﾟﾚｶｯﾄ | N9: 21
A10: ミラフォーム | B10: t65 3’×6’ | C10: 0 | D10: 0 | E10: 1F | H10: 0 | I10: 枚 | J10: 46167 | K10: 現場 | L10: 0 | M10: ﾀｶｶﾂ建材 ﾌﾟﾚｶｯﾄ | N10: 22
A11: 外部下地 | B11: 13’×10×15 | C11: 杉 1ト | D11: 0 | E11: 2F | F11: 42 | H11: 45 | I11: 丁 | J11: 46167 | K11: 現場 | L11: 0 | M11: ﾀｶｶﾂ建材 ﾌﾟﾚｶｯﾄ | N11: 26
A12: 外部下地 | B12: 13’×10×15 | C12: 杉 1ト | D12: 0 | E12: 1F | F12: 43 | H12: 40 | I12: 丁 | J12: 46167 | K12: 現場 | L12: 0 | M12: ﾀｶｶﾂ建材 ﾌﾟﾚｶｯﾄ | N12: 27
B13: 0 | C13: 0 | D13: 0 | E13: 0 | H13: 0 | K13: 0 | L13: 0 | M13: 0 | N13: 30
A14: リモコンコード | B14: UC-25-50A | C14: 2芯 50M | D14: 0 | E14: 0 | G14: 90m | H14: － | I14: 箱 | K14: 事務所 | L14: 0 | M14: 金辰商事 | N14: 31
A15: レベルプレート | B15: 1mm | C15: 0 | D15: 0 | E15: 0 | F15: 1 | G15: 1 | H15: 1 | I15: 箱 | J15: 46150 | K15: 作業場 | L15: 0 | M15: 三浦金物商会 | N15: 32
A16: レベルプレート | B16: 3mm | C16: 0 | D16: 0 | E16: 0 | F16: 1 | G16: 1 | H16: － | I16: 箱 | K16: 作業場 | L16: 0 | M16: 三浦金物商会 | N16: 33
A17: オメガ丸座金70Ⅱ | B17: 0 | C17: 0 | D17: 0 | E17: 0 | F17: 5 | H17: 5 | I17: 個 | J17: 46150 | K17: 作業場 | L17: 0 | M17: 三浦金物商会 | N17: 36
A18: 破風・鼻隠し | B18: 13.2’×70×08 | C18: 杉 1ト | D18: 0 | E18: 0 | F18: 9 | H18: 9 | I18: 丁 | J18: 46155 | K18: 作業場 | L18: 0 | M18: 渡辺製材所 | N18: 39
A19: 鼻隠し（水上側） | B19: 13.2’×72×08 | C19: 杉 1ト | D19: 0 | E19: 0 | F19: 3 | H19: 3 | I19: 丁 | J19: 46155 | K19: 作業場 | L19: 0 | M19: 渡辺製材所 | N19: 42
A20: 広小舞・登淀 | B20: 13.2’×30×05 | C20: 杉 1ト | D20: 0 | E20: 0 | F20: 12 | H20: 12 | I20: 丁 | J20: 46155 | K20: 作業場 | L20: 0 | M20: 渡辺製材所 | N20: 44
B21: 0 | C21: 0 | D21: 0 | E21: 0 | H21: 0 | K21: 0 | L21: 0 | M21: 0 | N21: 50
A22: サッシ LIXIL | B22: 0 | C22: 0 | D22: 0 | E22: 0 | F22: 1 | H22: 1 | I22: 式 | J22: 46177 | K22: 現場 | L22: 午前中（庇も） | M22: 岡田電気産業 | N22: 51
A23: 窓枠 LIXIL | B23: 0 | C23: 0 | D23: 0 | E23: 2F | F23: 1 | H23: 1 | I23: 式 | J23: 6月中旬 | K23: 現場 | L23: 0 | M23: 岡田電気産業 | N23: 52
A24: 窓枠 LIXIL | B24: 0 | C24: 0 | D24: 0 | E24: 1F | F24: 1 | H24: 1 | I24: 式 | J24: 6月中旬 | K24: 現場 | L24: 0 | M24: 岡田電気産業 | N24: 53
A25: 網戸 | B25: 0 | C25: 0 | D25: 0 | E25: 0 | F25: 1 | H25: 1 | I25: 式 | J25: 9月ごろ | K25: 現場 | L25: 0 | M25: 岡田電気産業 | N25: 54
A26: フェイスガード(逆巻) | B26: 1000mm×30M | C26: 4本/ｹｰｽ | D26: G02-001 | E26: 0 | F26: 2 | G26: 2 | H26: 2 | I26: ｹｰｽ | J26: 46142 | K26: 事務所 | L26: 0 | M26: 杉田エース | N26: 56
A27: 外部胴縁 | B27: 10’×15×05 | C27: 米松 1ト | D27: 0 | E27: 0 | F27: 156 | H27: 156 | I27: 丁 | J27: 46172 | K27: 現場 | L27: 午前中 | M27: 渡辺製材所 | N27: 60
A28: 外部胴縁 | B28: 10’×35×05 | C28: 米松 1ト | D28: 0 | E28: 0 | F28: 49 | H28: 50 | I28: 丁 | J28: 46172 | K28: 現場 | L28: 午前中 | M28: 渡辺製材所 | N28: 61
A29: ｼﾞｮｲﾝﾄ軒天下地 | B29: 12’×12×15 | C29: 杉 1ト | D29: 0 | E29: 0 | F29: 9 | G29: 16 | H29: － | I29: 丁 | K29: 現場 | L29: 午前中 | M29: 渡辺製材所 | N29: 62
A30: 野縁 軒天下地 | B30: 13’×12×13 | C30: 杉 1ト | D30: 9入/束 | E30: 0 | F30: 31本 | H30: 4 | I30: 束 | J30: 46172 | K30: 現場 | L30: 午前中 | M30: 渡辺製材所 | N30: 63
A31: 胴縁 | B31: 13’×12×08 | C31: 杉 1ト | D31: 12入/束 | E31: 2F | F31: 167本 | H31: 14 | I31: 束 | J31: 46170 | K31: 現場 | L31: 10：00までに(ｸﾚｰﾝ吊上) | M31: 渡辺製材所 | N31: 65
A32: 胴縁 | B32: 13’×12×08 | C32: 杉 1ト | D32: 12入/束 | E32: 1F | F32: 162本 | H32: 13 | I32: 束 | K32: 現場 | L32: 0 | M32: 渡辺製材所 | N32: 66
A33: 胴縁（追加） | B33: 13’×12×08 | C33: 杉 1ト | D33: 12入/束 | E33: 1F | H33: 0 | I33: 束 | K33: 現場 | L33: 0 | M33: 渡辺製材所 | N33: 67
A34: 野縁 | B34: 13’×12×13 | C34: 杉 1ト | D34: 9入/束 | E34: 2F | F34: 133本 | H34: 14 | I34: 束 | J34: 46170 | K34: 現場 | L34: 0 | M34: 渡辺製材所 | N34: 68
A35: 野縁 | B35: 13’×12×13 | C35: 杉 1ト | D35: 9入/束 | E35: 1F | F35: 101本 | H35: 11 | I35: 束 | K35: 現場 | L35: 0 | M35: 渡辺製材所 | N35: 69
A36: 野縁（追加） | B36: 13’×12×13 | C36: 杉 1ト | D36: 9入/束 | E36: 1F | H36: 0 | I36: 束 | K36: 現場 | L36: 0 | M36: 渡辺製材所 | N36: 70
A37: 防虫網 | B37: BSF-1518 | C37: 20本/ｹｰｽ | D37: 0 | E37: 0 | F37: 21本 | G37: 8本 | H37: 2 | I37: ｹｰｽ | J37: 46132 | K37: 5/11～15 | L37: までに作業場 | M37: タカカツ建材 | N37: 75
A38: 高気密型天井点検口 | B38: SPC-4545B(1) | C38: Joto | D38: 0 | E38: 0 | F38: 1 | H38: 1 | I38: 台 | J38: 46132 | K38: 5/11～15 | L38: までに作業場 | M38: タカカツ建材 | N38: 76
A39: 防振吊木 MAX399㎜ | B39: TH-10(在来) | C39: (20本×2) | D39: 40本/ｹｰｽ | E39: 0 | F39: 1 | G39: 1 | H39: 1 | I39: ｹｰｽ | J39: 46132 | K39: 5/11～15 | L39: までに作業場 | M39: タカカツ建材 | N39: 77
A40: 防振吊木 MAX217㎜ | B40: TH-30(枠組) | C40: (20本×2) | D40: 40本/ｹｰｽ | E40: 0 | F40: 1 | G40: 1 | H40: 1 | I40: ｹｰｽ | J40: 46132 | K40: 5/11～15 | L40: までに作業場 | M40: タカカツ建材 | N40: 78
A41: 床下点検口450×600 | B41: SPF-R45F12-BC2 | C41: MBﾐﾃﾞｨｱﾑﾌﾞﾗｳﾝ | D41: 高断熱 | E41: 0 | F41: 2 | H41: 2 | I41: 台 | J41: 46132 | K41: 5/11～15 | L41: までに作業場 | M41: タカカツ建材 | N41: 79
A42: 透湿防水シート | B42: 1M×50M | C42: 2本/ｹｰｽ | D42: 0 | E42: 0 | F42: 5 | G42: 1 | H42: 6 | I42: 本 | J42: 46150 | K42: までに | L42: 作業場 | M42: 岡田電気産業 | N42: 83
A43: ﾀﾞｲﾗｲﾄMS（外部） | B43: t9 3’×10’ | C43: 0 | D43: 0 | E43: 2F | F43: 37 | H43: 37 | I43: 枚 | J43: 46170 | K43: 現場 | L43: 11：00頃 ｸﾚｰﾝ吊上 | M43: 岡田電気産業 | N43: 85
A44: ﾀﾞｲﾗｲﾄMS（外部） | B44: t9 3’×10’ | C44: 0 | D44: 0 | E44: 1F | F44: 36 | H44: 37 | I44: 枚 | J44: 46174 | K44: 現場 | L44: 午前中（早め） | M44: 岡田電気産業 | N44: 86
A45: ﾀﾞｲﾗｲﾄMU（内部） | B45: t12.5 3’×10’ | C45: 0 | D45: 0 | E45: 2F | F45: 24 | H45: 24 | I45: 枚 | J45: 46170 | K45: 現場 | L45: 11：00頃 ｸﾚｰﾝ吊上 | M45: 岡田電気産業 | N45: 87
A46: ﾀﾞｲﾗｲﾄMU（内部） | B46: t12.5 3’×10’ | C46: 0 | D46: 0 | E46: 1F | F46: 19 | H46: 19 | I46: 枚 | K46: 現場 | L46: 0 | M46: 岡田電気産業 | N46: 88
A47: 壁 石膏ﾎﾞｰﾄﾞ | B47: t12.5 3’×8’ | C47: 0 | D47: 0 | E47: 2F | F47: 88 | H47: 88 | I47: 枚 | J47: 46170 | K47: 現場 | L47: 11：00頃 ｸﾚｰﾝ吊上 | M47: 岡田電気産業 | N47: 90
A48: 壁 石膏ﾎﾞｰﾄﾞ | B48: t12.5 3’×8’ | C48: 0 | D48: 0 | E48: 1F | F48: 22 | H48: 0 | I48: 枚 | K48: 現場 | L48: 0 | M48: 岡田電気産業 | N48: 91
A49: 壁 石膏ﾎﾞｰﾄﾞ | B49: t12.5 3’×8’ | C49: 0 | D49: 0 | E49: 1F | F49: 62 | H49: 0 | I49: 枚 | K49: 現場 | L49: 0 | M49: 岡田電気産業 | N49: 92
A50: 壁 石膏ﾎﾞｰﾄﾞ（追加） | B50: t12.5 3’×8’ | C50: 0 | D50: 0 | E50: 1F | H50: 0 | I50: 枚 | K50: 現場 | L50: 0 | M50: 岡田電気産業 | N50: 93
A51: 界壁 石膏ﾎﾞｰﾄﾞ | B51: t9.5 3’×6’ | C51: 0 | D51: 0 | E51: 2F | F51: 100 | H51: 100 | I51: 枚 | J51: 46170 | K51: 現場 | L51: 11：00頃 ｸﾚｰﾝ吊上 | M51: 岡田電気産業 | N51: 94
A52: ケイカル板 無孔 | B52: t6 3’×6’ | C52: 0 | D52: 0 | E52: 2F | F52: 6 | H52: 0 | I52: 枚 | K52: 現場 | L52: 0 | M52: 岡田電気産業 | N52: 96
A53: ケイカル板 有孔 | B53: t6 3’×6’ | C53: 0 | D53: 0 | E53: 2F | F53: 6.1 | H53: 0 | I53: 枚 | K53: 現場 | L53: 0 | M53: 岡田電気産業 | N53: 97
A54: ケイカル板 無孔 | B54: t6 3’×6’ | C54: 0 | D54: 0 | E54: 1F | F54: 1.5 | H54: 0 | I54: 枚 | K54: 現場 | L54: 0 | M54: 岡田電気産業 | N54: 98
A55: ケイカル板 有孔 | B55: t6 3’×6’ | C55: 0 | D55: 0 | E55: 1F | F55: 1.5 | H55: 0 | I55: 枚 | K55: 現場 | L55: 0 | M55: 岡田電気産業 | N55: 99
A56: GW ｱｸﾘｱｳｰﾙ16kHG | B56: t105 L2,740 W395 | C56: 0 | D56: 8枚/本 | E56: 2F | F56: 65枚 | H56: 8 | I56: 本 | J56: 6月中旬 | K56: 現場 | L56: 0 | M56: 岡田電気産業 | N56: 101
A57: GW ｱｸﾘｱｳｰﾙ16kHG | B57: t105 L2,740 W430 | C57: 0 | D57: 8枚/本 | E57: 2F | F57: 6枚 | H57: 1 | I57: 本 | J57: 6月中旬 | K57: 現場 | L57: 0 | M57: 岡田電気産業 | N57: 102
A58: GW ｱｸﾘｱｳｰﾙ16kHG | B58: t105 L2,740 W395 | C58: 0 | D58: 8枚/本 | E58: 1F | F58: 69枚 | G58: 2本+6 | H58: 8 | I58: 本 | J58: 6月中旬 | K58: 現場 | L58: 0 | M58: 岡田電気産業 | N58: 103
A59: GW ｱｸﾘｱｳｰﾙ16kHG | B59: t105 L2,740 W430 | C59: 0 | D59: 8枚/本 | E59: 1F | F59: 7枚 | H59: 1 | I59: 本 | J59: 6月中旬 | K59: 現場 | L59: 0 | M59: 岡田電気産業 | N59: 104
A60: ﾀｲｶﾞｰｺｰﾅｰﾊﾟﾈﾙ | B60: 2R 65×65×2,500 | C60: 0 | D60: 0 | E60: 2F | F60: 8 | H60: 7 | I60: 本 | K60: 現場 | L60: 0 | M60: 岡田電気産業 | N60: 108
A61: ﾀｲｶﾞｰｺｰﾅｰﾊﾟﾈﾙ | B61: 2R 65×65×2,500 | C61: 0 | D61: 0 | E61: 1F | F61: 17 | H61: 17 | I61: 本 | K61: 現場 | L61: 0 | M61: 岡田電気産業 | N61: 109
A62: GW ﾏｯﾄｴｰｽ10 | B62: t100 430×2740 | C62: 10K | D62: 14枚/本(5坪) | E62: 0 | F62: 2.32 | G62: 18枚 | H62: 3 | I62: 本 | J62: 6月中旬 | K62: 現場 | L62: 0 | M62: 岡田電気産業 | N62: 111
A63: GW ﾏｯﾄｴｰｽ10 | B63: t100 430×2740 | C63: 10K | D63: 14枚/本(5坪) | E63: 2F | F63: 9 | H63: 9 | I63: 本 | J63: 6月中旬 | K63: 現場 | L63: 0 | M63: 岡田電気産業 | N63: 114
A64: GW ﾏｯﾄｴｰｽHG24 | B64: t50 430×1370 | C64: 24K | D64: 22枚/本(≒4坪) | E64: 2F | F64: 5.68 | H64: 6 | I64: 本 | J64: 6月中旬 | K64: 現場 | L64: 0 | M64: 岡田電気産業 | N64: 116
A65: GW ﾏｯﾄｴｰｽHG24 | B65: t50 430×1370 | C65: 24K | D65: 22枚/本(≒4坪) | E65: 1F | F65: 1.1 | H65: 1 | I65: 本 | J65: 6月中旬 | K65: 現場 | L65: 0 | M65: 岡田電気産業 | N65: 117
B66: 0 | C66: 0 | D66: 0 | E66: 0 | H66: 0 | K66: 0 | L66: 0 | M66: 0 | N66: 118
A67: 天井 石膏ﾎﾞｰﾄﾞ | B67: t9.5 3’×6’ | C67: 0 | D67: 0 | E67: 2F | F67: 45 | H67: 0 | I67: 枚 | K67: 現場 | L67: 0 | M67: 岡田電気産業 | N67: 119
A68: 天井 石膏ﾎﾞｰﾄﾞ | B68: t9.5 3’×6’ | C68: 0 | D68: 0 | E68: 1F | F68: 40 | H68: 0 | I68: 枚 | K68: 現場 | L68: 0 | M68: 岡田電気産業 | N68: 120
B69: 0 | C69: 0 | D69: 0 | E69: 0 | H69: 0 | K69: 0 | L69: 0 | M69: 0 | N69: 121
A70: ネオマフォーム | B70: t45 3’×6’ | C70: 0 | D70: 8枚/ｹｰｽ | E70: 0 | F70: 6 | G70: 12 | H70: － | I70: 枚 | K70: 0 | L70: 0 | M70: 岡田電気産業 | N70: 122
A71: ﾊﾟﾅｿﾆｯｸ 内装建具 | B71: 敷居・床見切 | C71: ・入口枠 | D71: 0 | E71: 2F | F71: 1 | H71: 1 | I71: 式 | K71: 現場 | L71: 0 | M71: 岡田電気産業 | N71: 126
A72: ﾊﾟﾅｿﾆｯｸ 内装建具 | B72: 敷居・床見切 | C72: ・入口枠 | D72: 0 | E72: 1F | F72: 1 | H72: 1 | I72: 式 | K72: 現場 | L72: 0 | M72: 岡田電気産業 | N72: 127
A73: ﾊﾟﾅｿﾆｯｸ 内装建具 | B73: 建具扉 | C73: 0 | D73: 0 | E73: 2F | F73: 1 | H73: 1 | I73: 式 | K73: 現場 | L73: 0 | M73: 岡田電気産業 | N73: 128
A74: ﾊﾟﾅｿﾆｯｸ 内装建具 | B74: 建具扉 | C74: 0 | D74: 0 | E74: 1F | F74: 1 | H74: 1 | I74: 式 | K74: 現場 | L74: 0 | M74: 岡田電気産業 | N74: 129
A75: 床コンビボード | B75: t9 3’×6’ | C75: 0 | D75: 6枚/梱 | E75: 2F | F75: 43枚 | G75: 9.5枚 | H75: 6 | I75: 梱 | K75: 現場 | L75: 0 | M75: 岡田電気産業 | N75: 131
A76: ﾃｯｸｽﾌﾛｱｰ Juri | B76: t12×303×1818 | C76: ﾐﾆﾏﾙﾁｪﾘｰ | D76: JR04 | E76: 2F | F76: 21 | G76: 4枚 | H76: 21 | I76: 坪 | K76: 現場 | L76: 0 | M76: 岡田電気産業 | N76: 132
A77: ﾃｯｸｽﾌﾛｱｰ Juri | B77: t12×303×1818 | C77: ﾐﾆﾏﾙﾁｪﾘｰ | D77: JR04 | E77: 1F | F77: 19 | G77: 傷2枚 | H77: 19 | I77: 坪 | K77: 現場 | L77: 0 | M77: 岡田電気産業 | N77: 133
A78: ﾊﾟﾅｿﾆｯｸ 単体框 9尺 | B78: 90×120×2950 | C78: 0 | D78: 0 | E78: 0 | F78: 1 | H78: 1 | I78: 本 | K78: 現場 | L78: 0 | M78: 岡田電気産業 | N78: 139
A79: ﾊﾟﾅｿﾆｯｸ 付け框 9尺 | B79: 29×120×2950 | C79: 0 | D79: 0 | E79: 0 | F79: 2 | H79: 2 | I79: 本 | K79: 現場 | L79: 0 | M79: 岡田電気産業 | N79: 141
A80: ﾊﾟﾅｿﾆｯｸ 付け框 6尺 | B80: 29×120×1950 | C80: 0 | D80: 0 | E80: 0 | F80: 1 | H80: 1 | I80: 本 | K80: 現場 | L80: 0 | M80: 岡田電気産業 | N80: 142
A81: ﾍﾞﾘﾃｨｽﾌﾛｱ- 石目ｻﾆﾀﾘｰ | B81: KEDV13 STCS | C81: 3枚/ｹｰｽ | D81: ﾍﾟｰﾙｸﾞﾚｰﾗｲﾑ柄 | E81: 2F | F81: 3枚 | H81: 1 | I81: ｹｰｽ | K81: 現場 | L81: 0 | M81: 岡田電気産業 | N81: 144
A82: ﾍﾞﾘﾃｨｽﾌﾛｱ- 石目ｻﾆﾀﾘｰ | B82: KEDV13 STLS | C82: 3枚/ｹｰｽ | D82: ﾍﾟｰﾙｸﾞﾚｰﾗｲﾑ柄 | E82: 1F | F82: 7枚 | H82: 3 | I82: ｹｰｽ | K82: 現場 | L82: 0 | M82: 岡田電気産業 | N82: 145
A83: ラワンベニヤ 5.5ｍｍ | B83: t5.5 3’×6’ | C83: 0 | D83: 0 | E83: 0 | H83: 0 | I83: 枚 | K83: 作業場 | L83: 0 | M83: 岡田電気産業 | N83: 150
A84: ラワンベニヤ 4ｍｍ | B84: t4 3’×6’ | C84: 0 | D84: 0 | E84: 0 | H84: 0 | I84: 枚 | K84: 作業場 | L84: 0 | M84: 岡田電気産業 | N84: 151
A85: 樹脂枠 三方枠L字ﾀｲﾌﾟ | B85: 間口800×W174 | C85: SP-8003 | D85: ｳｯﾄﾞﾎﾜｲﾄ | E85: 0 | F85: 1 | H85: 1 | I85: ｾｯﾄ | K85: 現場 | L85: 0 | M85: 岡田電気産業 | N85: 155
A86: 階段プレカット・笠木 | B86: パラウッド集成材 | C86: 0 | D86: 0 | E86: 0 | F86: 1 | H86: 1 | I86: 式 | K86: 現場 | L86: 0 | M86: 大村商店 | N86: 159
A87: タモ集成手摺 | B87: φ35×L4,000 | C87: 0 | D87: 0 | E87: 0 | F87: 2 | G87: 5 | H87: － | I87: 本 | K87: 作業場 | L87: 0 | M87: 大村商店 | N87: 160
A88: ﾊﾟﾅｿﾆｯｸ 廻縁4型 | B88: t7×H30×L3,950 | C88: 12本/梱 | D88: ﾎﾜｲﾄｱｯｼｭ柄（GY） | E88: 2F | F88: 29.3本 | H88: 0 | I88: 梱 | K88: 現場 | L88: 0 | M88: 岡田電気産業 | N88: 163
A89: ﾊﾟﾅｿﾆｯｸ 廻縁4型 | B89: t7×H30×L3,950 | C89: 12本/梱 | D89: ﾎﾜｲﾄｱｯｼｭ柄（GY） | E89: 1F | F89: 26.3本 | H89: 0 | I89: 梱 | K89: 現場 | L89: 0 | M89: 岡田電気産業 | N89: 164
A90: ﾊﾟﾅｿﾆｯｸ 幅木5型 | B90: t9×H51×L3,950 | C90: 12本/梱 | D90: ﾁｪﾘｰ柄（CY） | E90: 2F | F90: 27本 | G90: 3本？ | H90: 0 | I90: 梱 | K90: 現場 | L90: 0 | M90: 岡田電気産業 | N90: 165
A91: ﾊﾟﾅｿﾆｯｸ 幅木5型 | B91: t9×H51×L3,950 | C91: 12本/梱 | D91: ﾁｪﾘｰ柄（CY） | E91: 1F | F91: 24本 | H91: 0 | I91: 梱 | K91: 現場 | L91: 0 | M91: 岡田電気産業 | N91: 166
A92: ｱｲｶ キッチンパネル | B92: t3㎜ 935×2,455 | C92: 無地5072 | D92: ﾒﾗﾐﾝ不燃化粧板 | E92: 0 | F92: 1 | H92: 0 | I92: 枚 | K92: 現場 | L92: 0 | M92: 岡田電気産業 | N92: 169
A93: ｱｲｶ アルミジョイナー | B93: 見切り用(コの字) | C93: L=3,075mm | D93: ホワイト | E93: 0 | F93: 1 | H93: 0 | I93: 本 | K93: 現場 | L93: 0 | M93: 岡田電気産業 | N93: 170
A94: KP用 両面テープ | B94: 0 | C94: 0 | D94: 0 | E94: 0 | F94: 1 | G94: 26 | H94: － | I94: 個 | K94: 0 | L94: 0 | M94: 三浦金物商会 | N94: 172
A95: ﾎﾞﾝﾄﾞ ｷｯﾁﾝﾊﾟﾈﾙ用 | B95: 0 | C95: 0 | D95: 0 | E95: 0 | F95: 1 | G95: 5 | H95: － | I95: 本 | K95: 0 | L95: 0 | M95: 三浦金物商会 | N95: 173
A96: マスキングテープ | B96: 18㎜ | C96: 0 | D96: 0 | E96: 0 | F96: 1 | H96: 1 | I96: 本 | K96: 0 | L96: 0 | M96: 三浦金物商会 | N96: 174
A97: ﾎﾞﾝﾄﾞ ｼﾘｺﾝｺｰｸ | B97: 防カビ剤入り | C97: ホワイト | D97: 0 | E97: 0 | F97: 1 | H97: 0 | I97: 本 | K97: 0 | L97: 0 | M97: 三浦金物商会 | N97: 175
A98: アルミテープ | B98: 50㎜幅 | C98: 0 | D98: 0 | E98: 0 | F98: 1 | H98: 0 | I98: 個 | K98: 0 | L98: 0 | M98: 三浦金物商会 | N98: 176
A99: ニチハ | B99: ﾓｴﾝｴｸｾﾗｰﾄﾞ16V | C99: Vｼﾘｰｽﾞ | D99: 金具止め | E99: 0 | H99: 0 | J99: 6月中旬 | K99: 現場 | L99: 0 | M99: 岡田電気産業 | N99: 183
A100: キアンカV （本体） | B100: EFA5653 | C100: 0 | D100: ｱｲﾘｵMGﾌﾞﾗｳﾝ | E100: 0 | F100: 156 | H100: 156 | I100: 枚 | K100: 現場 | L100: 0 | M100: 岡田電気産業 | N100: 184
...

Sheet 発注書
A1: 材料コード | B1: 発注日 | E1: 発注業者 | F1: 担当者 | G1: 名称 | H1: 規格 | I1: 規格 | J1: 規格 | K1: 階 | L1: 発注 | M1: 単位 | N1: 納品日 | O1: 納品場所 | P1: 納品備考
A2: 10293 | B2: =TODAY() -> 46168 | E2: =IF(A2="","",_xlfn.XLOOKUP(A2,拾い出し!Q:Q,拾い出し!S:S,"")) -> 岡田電気産業 | F2: =IF(A2="","",_xlfn.XLOOKUP(A2,拾い出し!Q:Q,拾い出し!T:T,"")) -> 大槻 | G2: =IF(A2="","",_xlfn.XLOOKUP(A2,拾い出し!Q:Q,拾い出し!A:A,"")) -> ﾊﾟｲﾌﾟ用ﾌｧﾝ 24H換気 | H2: =IF(A2="","",_xlfn.XLOOKUP(A2,拾い出し!Q:Q,拾い出し!D:D,"")) -> V-08PLD8 φ100㎜ | I2: =IF(A2="","",_xlfn.XLOOKUP(A2,拾い出し!Q:Q,拾い出し!E:E,"")) -> 1階 洗濯室 | J2: =IF(A2="","",_xlfn.XLOOKUP(A2,拾い出し!Q:Q,拾い出し!F:F,"")) -> 連結端子接続 | K2: =IF(A2="","",_xlfn.XLOOKUP(A2,拾い出し!Q:Q,拾い出し!G:G,"")) -> 0 | L2: =IF(A2="","",_xlfn.XLOOKUP(A2,拾い出し!Q:Q,拾い出し!J:J,"")) -> 1 | M2: =IF(A2="","",_xlfn.XLOOKUP(A2,拾い出し!Q:Q,拾い出し!K:K,"")) -> 台 | N2: =IF(A2="","",_xlfn.XLOOKUP(A2,拾い出し!Q:Q,拾い出し!M:M,"")) -> 0 | O2: =IF(A2="","",_xlfn.XLOOKUP(A2,拾い出し!Q:Q,拾い出し!O:O,"")) -> 事務所 | P2: =IF(A2="","",_xlfn.XLOOKUP(A2,拾い出し!Q:Q,拾い出し!P:P,"")) -> 0
A3: 10294 | E3: =IF(A3="","",_xlfn.XLOOKUP(A3,拾い出し!Q:Q,拾い出し!S:S,"")) -> 岡田電気産業 | F3: =IF(A3="","",_xlfn.XLOOKUP(A3,拾い出し!Q:Q,拾い出し!T:T,"")) -> 大槻 | G3: =IF(A3="","",_xlfn.XLOOKUP(A3,拾い出し!Q:Q,拾い出し!A:A,"")) -> ほこり取りﾌｨﾙﾀｰ | H3: =IF(A3="","",_xlfn.XLOOKUP(A3,拾い出し!Q:Q,拾い出し!D:D,"")) -> P-08PNET | I3: =IF(A3="","",_xlfn.XLOOKUP(A3,拾い出し!Q:Q,拾い出し!E:E,"")) -> 0 | J3: =IF(A3="","",_xlfn.XLOOKUP(A3,拾い出し!Q:Q,拾い出し!F:F,"")) -> 0 | K3: =IF(A3="","",_xlfn.XLOOKUP(A3,拾い出し!Q:Q,拾い出し!G:G,"")) -> 0 | L3: =IF(A3="","",_xlfn.XLOOKUP(A3,拾い出し!Q:Q,拾い出し!J:J,"")) -> 1 | M3: =IF(A3="","",_xlfn.XLOOKUP(A3,拾い出し!Q:Q,拾い出し!K:K,"")) -> 枚 | N3: =IF(A3="","",_xlfn.XLOOKUP(A3,拾い出し!Q:Q,拾い出し!M:M,"")) -> 0 | O3: =IF(A3="","",_xlfn.XLOOKUP(A3,拾い出し!Q:Q,拾い出し!O:O,"")) -> 0 | P3: =IF(A3="","",_xlfn.XLOOKUP(A3,拾い出し!Q:Q,拾い出し!P:P,"")) -> 0
A4: 10295 | E4: =IF(A4="","",_xlfn.XLOOKUP(A4,拾い出し!Q:Q,拾い出し!S:S,"")) -> 岡田電気産業 | F4: =IF(A4="","",_xlfn.XLOOKUP(A4,拾い出し!Q:Q,拾い出し!T:T,"")) -> 大槻 | G4: =IF(A4="","",_xlfn.XLOOKUP(A4,拾い出し!Q:Q,拾い出し!A:A,"")) -> ﾊﾟｲﾌﾟ用ﾌｧﾝ | H4: =IF(A4="","",_xlfn.XLOOKUP(A4,拾い出し!Q:Q,拾い出し!D:D,"")) -> V-08PSD8 φ100㎜ | I4: =IF(A4="","",_xlfn.XLOOKUP(A4,拾い出し!Q:Q,拾い出し!E:E,"")) -> 1階 応接室 | J4: =IF(A4="","",_xlfn.XLOOKUP(A4,拾い出し!Q:Q,拾い出し!F:F,"")) -> 電気式ｼｬｯﾀｰ付 | K4: =IF(A4="","",_xlfn.XLOOKUP(A4,拾い出し!Q:Q,拾い出し!G:G,"")) -> 0 | L4: =IF(A4="","",_xlfn.XLOOKUP(A4,拾い出し!Q:Q,拾い出し!J:J,"")) -> 1 | M4: =IF(A4="","",_xlfn.XLOOKUP(A4,拾い出し!Q:Q,拾い出し!K:K,"")) -> 台 | N4: =IF(A4="","",_xlfn.XLOOKUP(A4,拾い出し!Q:Q,拾い出し!M:M,"")) -> 0 | O4: =IF(A4="","",_xlfn.XLOOKUP(A4,拾い出し!Q:Q,拾い出し!O:O,"")) -> 0 | P4: =IF(A4="","",_xlfn.XLOOKUP(A4,拾い出し!Q:Q,拾い出し!P:P,"")) -> 0
A5: 10296 | E5: =IF(A5="","",_xlfn.XLOOKUP(A5,拾い出し!Q:Q,拾い出し!S:S,"")) -> 岡田電気産業 | F5: =IF(A5="","",_xlfn.XLOOKUP(A5,拾い出し!Q:Q,拾い出し!T:T,"")) -> 大槻 | G5: =IF(A5="","",_xlfn.XLOOKUP(A5,拾い出し!Q:Q,拾い出し!A:A,"")) -> ﾊﾟｲﾌﾟ用ﾌｧﾝ | H5: =IF(A5="","",_xlfn.XLOOKUP(A5,拾い出し!Q:Q,拾い出し!D:D,"")) -> V-08PASD8 φ100㎜ | I5: =IF(A5="","",_xlfn.XLOOKUP(A5,拾い出し!Q:Q,拾い出し!E:E,"")) -> 1階/2階ﾄｲﾚ | J5: =IF(A5="","",_xlfn.XLOOKUP(A5,拾い出し!Q:Q,拾い出し!F:F,"")) -> 人感ｾﾝｻ/電気式ｼｬｯﾀｰ | K5: =IF(A5="","",_xlfn.XLOOKUP(A5,拾い出し!Q:Q,拾い出し!G:G,"")) -> 0 | L5: =IF(A5="","",_xlfn.XLOOKUP(A5,拾い出し!Q:Q,拾い出し!J:J,"")) -> 2 | M5: =IF(A5="","",_xlfn.XLOOKUP(A5,拾い出し!Q:Q,拾い出し!K:K,"")) -> 台 | N5: =IF(A5="","",_xlfn.XLOOKUP(A5,拾い出し!Q:Q,拾い出し!M:M,"")) -> 0 | O5: =IF(A5="","",_xlfn.XLOOKUP(A5,拾い出し!Q:Q,拾い出し!O:O,"")) -> 0 | P5: =IF(A5="","",_xlfn.XLOOKUP(A5,拾い出し!Q:Q,拾い出し!P:P,"")) -> 0
A6: 10297 | E6: =IF(A6="","",_xlfn.XLOOKUP(A6,拾い出し!Q:Q,拾い出し!S:S,"")) -> 岡田電気産業 | F6: =IF(A6="","",_xlfn.XLOOKUP(A6,拾い出し!Q:Q,拾い出し!T:T,"")) -> 大槻 | G6: =IF(A6="","",_xlfn.XLOOKUP(A6,拾い出し!Q:Q,拾い出し!A:A,"")) -> ﾀﾞｸﾄ用換気扇 24H換気 | H6: =IF(A6="","",_xlfn.XLOOKUP(A6,拾い出し!Q:Q,拾い出し!D:D,"")) -> VD-13ZLC14-S | I6: =IF(A6="","",_xlfn.XLOOKUP(A6,拾い出し!Q:Q,拾い出し!E:E,"")) -> 1階 事務室 | J6: =IF(A6="","",_xlfn.XLOOKUP(A6,拾い出し!Q:Q,拾い出し!F:F,"")) -> φ100㎜天井埋込形 | K6: =IF(A6="","",_xlfn.XLOOKUP(A6,拾い出し!Q:Q,拾い出し!G:G,"")) -> 0 | L6: =IF(A6="","",_xlfn.XLOOKUP(A6,拾い出し!Q:Q,拾い出し!J:J,"")) -> 1 | M6: =IF(A6="","",_xlfn.XLOOKUP(A6,拾い出し!Q:Q,拾い出し!K:K,"")) -> 台 | N6: =IF(A6="","",_xlfn.XLOOKUP(A6,拾い出し!Q:Q,拾い出し!M:M,"")) -> 0 | O6: =IF(A6="","",_xlfn.XLOOKUP(A6,拾い出し!Q:Q,拾い出し!O:O,"")) -> 0 | P6: =IF(A6="","",_xlfn.XLOOKUP(A6,拾い出し!Q:Q,拾い出し!P:P,"")) -> 0
A7: 10298 | E7: =IF(A7="","",_xlfn.XLOOKUP(A7,拾い出し!Q:Q,拾い出し!S:S,"")) -> 岡田電気産業 | F7: =IF(A7="","",_xlfn.XLOOKUP(A7,拾い出し!Q:Q,拾い出し!T:T,"")) -> 大槻 | G7: =IF(A7="","",_xlfn.XLOOKUP(A7,拾い出し!Q:Q,拾い出し!A:A,"")) -> ﾀﾞｸﾄ用換気扇 24H換気 | H7: =IF(A7="","",_xlfn.XLOOKUP(A7,拾い出し!Q:Q,拾い出し!D:D,"")) -> VD-18ZLSC14-S | I7: =IF(A7="","",_xlfn.XLOOKUP(A7,拾い出し!Q:Q,拾い出し!E:E,"")) -> 2階 廊下 | J7: =IF(A7="","",_xlfn.XLOOKUP(A7,拾い出し!Q:Q,拾い出し!F:F,"")) -> φ100㎜天井埋込形 | K7: =IF(A7="","",_xlfn.XLOOKUP(A7,拾い出し!Q:Q,拾い出し!G:G,"")) -> 0 | L7: =IF(A7="","",_xlfn.XLOOKUP(A7,拾い出し!Q:Q,拾い出し!J:J,"")) -> 1 | M7: =IF(A7="","",_xlfn.XLOOKUP(A7,拾い出し!Q:Q,拾い出し!K:K,"")) -> 台 | N7: =IF(A7="","",_xlfn.XLOOKUP(A7,拾い出し!Q:Q,拾い出し!M:M,"")) -> 0 | O7: =IF(A7="","",_xlfn.XLOOKUP(A7,拾い出し!Q:Q,拾い出し!O:O,"")) -> 0 | P7: =IF(A7="","",_xlfn.XLOOKUP(A7,拾い出し!Q:Q,拾い出し!P:P,"")) -> 0
A8: 10299 | E8: =IF(A8="","",_xlfn.XLOOKUP(A8,拾い出し!Q:Q,拾い出し!S:S,"")) -> 岡田電気産業 | F8: =IF(A8="","",_xlfn.XLOOKUP(A8,拾い出し!Q:Q,拾い出し!T:T,"")) -> 大槻 | G8: =IF(A8="","",_xlfn.XLOOKUP(A8,拾い出し!Q:Q,拾い出し!A:A,"")) -> ﾀﾞｸﾄ用換気扇 | H8: =IF(A8="","",_xlfn.XLOOKUP(A8,拾い出し!Q:Q,拾い出し!D:D,"")) -> VD-18ZX14-C | I8: =IF(A8="","",_xlfn.XLOOKUP(A8,拾い出し!Q:Q,拾い出し!E:E,"")) -> 2階 廊下 | J8: =IF(A8="","",_xlfn.XLOOKUP(A8,拾い出し!Q:Q,拾い出し!F:F,"")) -> φ150㎜天井埋込形 | K8: =IF(A8="","",_xlfn.XLOOKUP(A8,拾い出し!Q:Q,拾い出し!G:G,"")) -> 0 | L8: =IF(A8="","",_xlfn.XLOOKUP(A8,拾い出し!Q:Q,拾い出し!J:J,"")) -> 1 | M8: =IF(A8="","",_xlfn.XLOOKUP(A8,拾い出し!Q:Q,拾い出し!K:K,"")) -> 台 | N8: =IF(A8="","",_xlfn.XLOOKUP(A8,拾い出し!Q:Q,拾い出し!M:M,"")) -> 0 | O8: =IF(A8="","",_xlfn.XLOOKUP(A8,拾い出し!Q:Q,拾い出し!O:O,"")) -> 0 | P8: =IF(A8="","",_xlfn.XLOOKUP(A8,拾い出し!Q:Q,拾い出し!P:P,"")) -> 0
E9: =IF(A9="","",_xlfn.XLOOKUP(A9,拾い出し!Q:Q,拾い出し!S:S,"")) | F9: =IF(A9="","",_xlfn.XLOOKUP(A9,拾い出し!Q:Q,拾い出し!T:T,"")) | G9: =IF(A9="","",_xlfn.XLOOKUP(A9,拾い出し!Q:Q,拾い出し!A:A,"")) | H9: =IF(A9="","",_xlfn.XLOOKUP(A9,拾い出し!Q:Q,拾い出し!D:D,"")) | I9: =IF(A9="","",_xlfn.XLOOKUP(A9,拾い出し!Q:Q,拾い出し!E:E,"")) | J9: =IF(A9="","",_xlfn.XLOOKUP(A9,拾い出し!Q:Q,拾い出し!F:F,"")) | K9: =IF(A9="","",_xlfn.XLOOKUP(A9,拾い出し!Q:Q,拾い出し!G:G,"")) | L9: =IF(A9="","",_xlfn.XLOOKUP(A9,拾い出し!Q:Q,拾い出し!J:J,"")) | M9: =IF(A9="","",_xlfn.XLOOKUP(A9,拾い出し!Q:Q,拾い出し!K:K,"")) | N9: =IF(A9="","",_xlfn.XLOOKUP(A9,拾い出し!Q:Q,拾い出し!M:M,"")) | O9: =IF(A9="","",_xlfn.XLOOKUP(A9,拾い出し!Q:Q,拾い出し!O:O,"")) | P9: =IF(A9="","",_xlfn.XLOOKUP(A9,拾い出し!Q:Q,拾い出し!P:P,""))
E10: =IF(A10="","",_xlfn.XLOOKUP(A10,拾い出し!Q:Q,拾い出し!S:S,"")) | F10: =IF(A10="","",_xlfn.XLOOKUP(A10,拾い出し!Q:Q,拾い出し!T:T,"")) | G10: =IF(A10="","",_xlfn.XLOOKUP(A10,拾い出し!Q:Q,拾い出し!A:A,"")) | H10: =IF(A10="","",_xlfn.XLOOKUP(A10,拾い出し!Q:Q,拾い出し!D:D,"")) | I10: =IF(A10="","",_xlfn.XLOOKUP(A10,拾い出し!Q:Q,拾い出し!E:E,"")) | J10: =IF(A10="","",_xlfn.XLOOKUP(A10,拾い出し!Q:Q,拾い出し!F:F,"")) | K10: =IF(A10="","",_xlfn.XLOOKUP(A10,拾い出し!Q:Q,拾い出し!G:G,"")) | L10: =IF(A10="","",_xlfn.XLOOKUP(A10,拾い出し!Q:Q,拾い出し!J:J,"")) | M10: =IF(A10="","",_xlfn.XLOOKUP(A10,拾い出し!Q:Q,拾い出し!K:K,"")) | N10: =IF(A10="","",_xlfn.XLOOKUP(A10,拾い出し!Q:Q,拾い出し!M:M,"")) | O10: =IF(A10="","",_xlfn.XLOOKUP(A10,拾い出し!Q:Q,拾い出し!O:O,"")) | P10: =IF(A10="","",_xlfn.XLOOKUP(A10,拾い出し!Q:Q,拾い出し!P:P,""))
E11: =IF(A11="","",_xlfn.XLOOKUP(A11,拾い出し!Q:Q,拾い出し!S:S,"")) | F11: =IF(A11="","",_xlfn.XLOOKUP(A11,拾い出し!Q:Q,拾い出し!T:T,"")) | G11: =IF(A11="","",_xlfn.XLOOKUP(A11,拾い出し!Q:Q,拾い出し!A:A,"")) | H11: =IF(A11="","",_xlfn.XLOOKUP(A11,拾い出し!Q:Q,拾い出し!D:D,"")) | I11: =IF(A11="","",_xlfn.XLOOKUP(A11,拾い出し!Q:Q,拾い出し!E:E,"")) | J11: =IF(A11="","",_xlfn.XLOOKUP(A11,拾い出し!Q:Q,拾い出し!F:F,"")) | K11: =IF(A11="","",_xlfn.XLOOKUP(A11,拾い出し!Q:Q,拾い出し!G:G,"")) | L11: =IF(A11="","",_xlfn.XLOOKUP(A11,拾い出し!Q:Q,拾い出し!J:J,"")) | M11: =IF(A11="","",_xlfn.XLOOKUP(A11,拾い出し!Q:Q,拾い出し!K:K,"")) | N11: =IF(A11="","",_xlfn.XLOOKUP(A11,拾い出し!Q:Q,拾い出し!M:M,"")) | O11: =IF(A11="","",_xlfn.XLOOKUP(A11,拾い出し!Q:Q,拾い出し!O:O,"")) | P11: =IF(A11="","",_xlfn.XLOOKUP(A11,拾い出し!Q:Q,拾い出し!P:P,""))
E12: =IF(A12="","",_xlfn.XLOOKUP(A12,拾い出し!Q:Q,拾い出し!S:S,"")) | F12: =IF(A12="","",_xlfn.XLOOKUP(A12,拾い出し!Q:Q,拾い出し!T:T,"")) | G12: =IF(A12="","",_xlfn.XLOOKUP(A12,拾い出し!Q:Q,拾い出し!A:A,"")) | H12: =IF(A12="","",_xlfn.XLOOKUP(A12,拾い出し!Q:Q,拾い出し!D:D,"")) | I12: =IF(A12="","",_xlfn.XLOOKUP(A12,拾い出し!Q:Q,拾い出し!E:E,"")) | J12: =IF(A12="","",_xlfn.XLOOKUP(A12,拾い出し!Q:Q,拾い出し!F:F,"")) | K12: =IF(A12="","",_xlfn.XLOOKUP(A12,拾い出し!Q:Q,拾い出し!G:G,"")) | L12: =IF(A12="","",_xlfn.XLOOKUP(A12,拾い出し!Q:Q,拾い出し!J:J,"")) | M12: =IF(A12="","",_xlfn.XLOOKUP(A12,拾い出し!Q:Q,拾い出し!K:K,"")) | N12: =IF(A12="","",_xlfn.XLOOKUP(A12,拾い出し!Q:Q,拾い出し!M:M,"")) | O12: =IF(A12="","",_xlfn.XLOOKUP(A12,拾い出し!Q:Q,拾い出し!O:O,"")) | P12: =IF(A12="","",_xlfn.XLOOKUP(A12,拾い出し!Q:Q,拾い出し!P:P,""))
E13: =IF(A13="","",_xlfn.XLOOKUP(A13,拾い出し!Q:Q,拾い出し!S:S,"")) | F13: =IF(A13="","",_xlfn.XLOOKUP(A13,拾い出し!Q:Q,拾い出し!T:T,"")) | G13: =IF(A13="","",_xlfn.XLOOKUP(A13,拾い出し!Q:Q,拾い出し!A:A,"")) | H13: =IF(A13="","",_xlfn.XLOOKUP(A13,拾い出し!Q:Q,拾い出し!D:D,"")) | I13: =IF(A13="","",_xlfn.XLOOKUP(A13,拾い出し!Q:Q,拾い出し!E:E,"")) | J13: =IF(A13="","",_xlfn.XLOOKUP(A13,拾い出し!Q:Q,拾い出し!F:F,"")) | K13: =IF(A13="","",_xlfn.XLOOKUP(A13,拾い出し!Q:Q,拾い出し!G:G,"")) | L13: =IF(A13="","",_xlfn.XLOOKUP(A13,拾い出し!Q:Q,拾い出し!J:J,"")) | M13: =IF(A13="","",_xlfn.XLOOKUP(A13,拾い出し!Q:Q,拾い出し!K:K,"")) | N13: =IF(A13="","",_xlfn.XLOOKUP(A13,拾い出し!Q:Q,拾い出し!M:M,"")) | O13: =IF(A13="","",_xlfn.XLOOKUP(A13,拾い出し!Q:Q,拾い出し!O:O,"")) | P13: =IF(A13="","",_xlfn.XLOOKUP(A13,拾い出し!Q:Q,拾い出し!P:P,""))
E14: =IF(A14="","",_xlfn.XLOOKUP(A14,拾い出し!Q:Q,拾い出し!S:S,"")) | F14: =IF(A14="","",_xlfn.XLOOKUP(A14,拾い出し!Q:Q,拾い出し!T:T,"")) | G14: =IF(A14="","",_xlfn.XLOOKUP(A14,拾い出し!Q:Q,拾い出し!A:A,"")) | H14: =IF(A14="","",_xlfn.XLOOKUP(A14,拾い出し!Q:Q,拾い出し!D:D,"")) | I14: =IF(A14="","",_xlfn.XLOOKUP(A14,拾い出し!Q:Q,拾い出し!E:E,"")) | J14: =IF(A14="","",_xlfn.XLOOKUP(A14,拾い出し!Q:Q,拾い出し!F:F,"")) | K14: =IF(A14="","",_xlfn.XLOOKUP(A14,拾い出し!Q:Q,拾い出し!G:G,"")) | L14: =IF(A14="","",_xlfn.XLOOKUP(A14,拾い出し!Q:Q,拾い出し!J:J,"")) | M14: =IF(A14="","",_xlfn.XLOOKUP(A14,拾い出し!Q:Q,拾い出し!K:K,"")) | N14: =IF(A14="","",_xlfn.XLOOKUP(A14,拾い出し!Q:Q,拾い出し!M:M,"")) | O14: =IF(A14="","",_xlfn.XLOOKUP(A14,拾い出し!Q:Q,拾い出し!O:O,"")) | P14: =IF(A14="","",_xlfn.XLOOKUP(A14,拾い出し!Q:Q,拾い出し!P:P,""))
E15: =IF(A15="","",_xlfn.XLOOKUP(A15,拾い出し!Q:Q,拾い出し!S:S,"")) | F15: =IF(A15="","",_xlfn.XLOOKUP(A15,拾い出し!Q:Q,拾い出し!T:T,"")) | G15: =IF(A15="","",_xlfn.XLOOKUP(A15,拾い出し!Q:Q,拾い出し!A:A,"")) | H15: =IF(A15="","",_xlfn.XLOOKUP(A15,拾い出し!Q:Q,拾い出し!D:D,"")) | I15: =IF(A15="","",_xlfn.XLOOKUP(A15,拾い出し!Q:Q,拾い出し!E:E,"")) | J15: =IF(A15="","",_xlfn.XLOOKUP(A15,拾い出し!Q:Q,拾い出し!F:F,"")) | K15: =IF(A15="","",_xlfn.XLOOKUP(A15,拾い出し!Q:Q,拾い出し!G:G,"")) | L15: =IF(A15="","",_xlfn.XLOOKUP(A15,拾い出し!Q:Q,拾い出し!J:J,"")) | M15: =IF(A15="","",_xlfn.XLOOKUP(A15,拾い出し!Q:Q,拾い出し!K:K,"")) | N15: =IF(A15="","",_xlfn.XLOOKUP(A15,拾い出し!Q:Q,拾い出し!M:M,"")) | O15: =IF(A15="","",_xlfn.XLOOKUP(A15,拾い出し!Q:Q,拾い出し!O:O,"")) | P15: =IF(A15="","",_xlfn.XLOOKUP(A15,拾い出し!Q:Q,拾い出し!P:P,""))

Sheet 連絡書
A1: 連絡書 | C1: Date | D1: =発注書!B2 -> 46168 | E1: No. | F1: 1 | G1: / | H1: 1
A2: =発注書!E2 -> 岡田電気産業 | C2: =IF(発注書!F2=0,"",発注書!F2) -> 大槻 | D2: 様
A3: 件名 | B3: 白石送電事務所 | C3: 新築工事
A5: □ | B5: =IF(発注書!G2=0,"",発注書!G2) -> ﾊﾟｲﾌﾟ用ﾌｧﾝ 24H換気 | C5: =IF(発注書!H2=0,"",発注書!H2) -> V-08PLD8 φ100㎜ | D5: =IF(発注書!I2=0,"",発注書!I2) -> 1階 洗濯室 | E5: =IF(発注書!J2=0,"",発注書!J2) -> 連結端子接続 | F5: =IF(発注書!L2=0,"",発注書!L2) -> 1 | G5: =IF(発注書!M2=0,"",発注書!M2) -> 台 | H5: =IF(発注書!K2=0,"",発注書!K2)
A6: □ | B6: =IF(発注書!G3=0,"",発注書!G3) -> ほこり取りﾌｨﾙﾀｰ | C6: =IF(発注書!H3=0,"",発注書!H3) -> P-08PNET | D6: =IF(発注書!I3=0,"",発注書!I3) | E6: =IF(発注書!J3=0,"",発注書!J3) | F6: =IF(発注書!L3=0,"",発注書!L3) -> 1 | G6: =IF(発注書!M3=0,"",発注書!M3) -> 枚 | H6: =IF(発注書!K3=0,"",発注書!K3)
A7: □ | B7: =IF(発注書!G4=0,"",発注書!G4) -> ﾊﾟｲﾌﾟ用ﾌｧﾝ | C7: =IF(発注書!H4=0,"",発注書!H4) -> V-08PSD8 φ100㎜ | D7: =IF(発注書!I4=0,"",発注書!I4) -> 1階 応接室 | E7: =IF(発注書!J4=0,"",発注書!J4) -> 電気式ｼｬｯﾀｰ付 | F7: =IF(発注書!L4=0,"",発注書!L4) -> 1 | G7: =IF(発注書!M4=0,"",発注書!M4) -> 台 | H7: =IF(発注書!K4=0,"",発注書!K4)
A8: □ | B8: =IF(発注書!G5=0,"",発注書!G5) -> ﾊﾟｲﾌﾟ用ﾌｧﾝ | C8: =IF(発注書!H5=0,"",発注書!H5) -> V-08PASD8 φ100㎜ | D8: =IF(発注書!I5=0,"",発注書!I5) -> 1階/2階ﾄｲﾚ | E8: =IF(発注書!J5=0,"",発注書!J5) -> 人感ｾﾝｻ/電気式ｼｬｯﾀｰ | F8: =IF(発注書!L5=0,"",発注書!L5) -> 2 | G8: =IF(発注書!M5=0,"",発注書!M5) -> 台 | H8: =IF(発注書!K5=0,"",発注書!K5)
A9: □ | B9: =IF(発注書!G6=0,"",発注書!G6) -> ﾀﾞｸﾄ用換気扇 24H換気 | C9: =IF(発注書!H6=0,"",発注書!H6) -> VD-13ZLC14-S | D9: =IF(発注書!I6=0,"",発注書!I6) -> 1階 事務室 | E9: =IF(発注書!J6=0,"",発注書!J6) -> φ100㎜天井埋込形 | F9: =IF(発注書!L6=0,"",発注書!L6) -> 1 | G9: =IF(発注書!M6=0,"",発注書!M6) -> 台 | H9: =IF(発注書!K6=0,"",発注書!K6)
A10: □ | B10: =IF(発注書!G7=0,"",発注書!G7) -> ﾀﾞｸﾄ用換気扇 24H換気 | C10: =IF(発注書!H7=0,"",発注書!H7) -> VD-18ZLSC14-S | D10: =IF(発注書!I7=0,"",発注書!I7) -> 2階 廊下 | E10: =IF(発注書!J7=0,"",発注書!J7) -> φ100㎜天井埋込形 | F10: =IF(発注書!L7=0,"",発注書!L7) -> 1 | G10: =IF(発注書!M7=0,"",発注書!M7) -> 台 | H10: =IF(発注書!K7=0,"",発注書!K7)
A11: □ | B11: =IF(発注書!G8=0,"",発注書!G8) -> ﾀﾞｸﾄ用換気扇 | C11: =IF(発注書!H8=0,"",発注書!H8) -> VD-18ZX14-C | D11: =IF(発注書!I8=0,"",発注書!I8) -> 2階 廊下 | E11: =IF(発注書!J8=0,"",発注書!J8) -> φ150㎜天井埋込形 | F11: =IF(発注書!L8=0,"",発注書!L8) -> 1 | G11: =IF(発注書!M8=0,"",発注書!M8) -> 台 | H11: =IF(発注書!K8=0,"",発注書!K8)
A12: □ | B12: =IF(発注書!G9=0,"",発注書!G9) | C12: =IF(発注書!H9=0,"",発注書!H9) | D12: =IF(発注書!I9=0,"",発注書!I9) | E12: =IF(発注書!J9=0,"",発注書!J9) | F12: =IF(発注書!L9=0,"",発注書!L9) | G12: =IF(発注書!M9=0,"",発注書!M9) | H12: =IF(発注書!K9=0,"",発注書!K9)
A13: □ | B13: =IF(発注書!G10=0,"",発注書!G10) | C13: =IF(発注書!H10=0,"",発注書!H10) | D13: =IF(発注書!I10=0,"",発注書!I10) | E13: =IF(発注書!J10=0,"",発注書!J10) | F13: =IF(発注書!L10=0,"",発注書!L10) | G13: =IF(発注書!M10=0,"",発注書!M10) | H13: =IF(発注書!K10=0,"",発注書!K10)
A14: □ | B14: =IF(発注書!G11=0,"",発注書!G11) | C14: =IF(発注書!H11=0,"",発注書!H11) | D14: =IF(発注書!I11=0,"",発注書!I11) | E14: =IF(発注書!J11=0,"",発注書!J11) | F14: =IF(発注書!L11=0,"",発注書!L11) | G14: =IF(発注書!M11=0,"",発注書!M11) | H14: =IF(発注書!K11=0,"",発注書!K11)
A15: □ | B15: =IF(発注書!G12=0,"",発注書!G12) | C15: =IF(発注書!H12=0,"",発注書!H12) | D15: =IF(発注書!I12=0,"",発注書!I12) | E15: =IF(発注書!J12=0,"",発注書!J12) | F15: =IF(発注書!L12=0,"",発注書!L12) | G15: =IF(発注書!M12=0,"",発注書!M12) | H15: =IF(発注書!K12=0,"",発注書!K12)
A16: □ | B16: =IF(発注書!G13=0,"",発注書!G13) | C16: =IF(発注書!H13=0,"",発注書!H13) | D16: =IF(発注書!I13=0,"",発注書!I13) | E16: =IF(発注書!J13=0,"",発注書!J13) | F16: =IF(発注書!L13=0,"",発注書!L13) | G16: =IF(発注書!M13=0,"",発注書!M13) | H16: =IF(発注書!K13=0,"",発注書!K13)
... A18: □ | B18: =IF(発注書!G15=0,"",発注書!G15) | C18: =IF(発注書!H15=0,"",発注書!H15) | D18: =IF(発注書!I15=0,"",発注書!I15) | E18: =IF(発注書!J15=0,"",発注書!J15) | F18: =IF(発注書!L15=0,"",発注書!L15) | G18: =IF(発注書!M15=0,"",発注書!M15) | H18: =IF(発注書!K15=0,"",発注書!K15)
B19: ※上記 | C19: =IF(発注書!N2=0,"",発注書!N2) | D19: =IF(発注書!O2=0,"",発注書!O2) -> 事務所 | E19: =IF(発注書!P2=0,"",発注書!P2)
E20: 納品お願いします

Sheet ﾃｷｽﾄﾎﾞｯｸｽ

Sheet 外壁貼り手間
A2: 連絡書
E3: Date | F3: 2026 | G3: ・ | H3: 5 | I3: ・ | J3: 27 | K3: No. | L3: 1 | M3: / | N3: 1
A6: 大橋サイディング
A8: 件名 | B8: 白石送電事務所 新築工事
A11: 外壁工事について
A13: 貼り手間 | C13: 2階建て | F13: 217 | G13: × | J13: /㎡ | K13: = | L13: =F13*H13 -> 0
L14: (消費税別）
A15: 施工期間
C17: 46189 | F17: ～ | G17: 46198
A19: 外壁不足分貼り | F19: ～ | G19: 46204
A23: （ｼｰﾘﾝｸﾞ工事予定 | E23: 46205 | H23: ～ | I23: 46213 | M23: ）
C25: 上記のとおり工事予定お願いします

Sheet シーリング工
A2: 連絡書
E3: Date | F3: 2026 | G3: ・ | H3: 5 | I3: ・ | J3: 11 | K3: No. | L3: 1 | M3: / | N3: 1
A6: 佐藤シール
A8: 件名 | B8: 白石送電事務所 新築工事
A11: シーリング工事について
A13: 【本体】
A14: ニチハ | D14: モエンエクセラード16 | G14: Vｼﾘｰｽﾞ | J14: 金具止め
A15: キアンカV | E15: EFA5653 | G15: ｱｲﾘｵMGﾌﾞﾗｳﾝ
A16: 長尺出隅 | E16: 16×80×80×3030
A18: 【玄関】
A19: ニチハ | D19: モエンエクセラード16 | G19: Vｼﾘｰｽﾞ | J19: 金具止め
A20: ﾘｰｶﾞｽﾄｰﾝ調V | E20: EFX3453 | G20: ﾗﾝﾀﾞMGﾊﾟｳﾀﾞｰ
A21: 長尺出隅 | E21: 16×80×80×3030
A24: ｼｰﾘﾝｸﾞ工 | C24: （ﾎﾟｰﾁ軒天・給排気口・アルミ庇 含む） | J24: × | K24: 268 | M24: ｍ
A25: （ブラウン色×≒219ｍ パウダー色×≒49ｍ）
A27: 施工期間
A28: 7月上旬頃 工事予定お願いします

Sheet 換気扇

Sheet 金辰商事

Sheet 杉田エース
